node_id,nominal_mask_rate,true_label,baseline_predicted_label,baseline_confidence,active_entries_before,num_perturbations,mean_realized_mask_rate,mean_num_entries_masked,num_prediction_same,num_prediction_changed,prediction_stability,prediction_change_rate,num_explanations_available,num_explanations_unavailable,explanation_availability,mean_jaccard,std_jaccard,median_jaccard,min_jaccard,max_jaccard,num_pred_same_with_explanation,mean_jaccard_pred_same,std_jaccard_pred_same,median_jaccard_pred_same,num_pred_changed_with_explanation,mean_jaccard_pred_changed,mean_confidence_delta,mean_absolute_confidence_delta,median_confidence_delta,num_fewer_than_top_k_nonzero,num_optimizer_nonconvergence
1720,0.01,2,2,0.8018003106117249,3208,10,0.0099750623441396,32.0,10,0,1.0,0.0,10,0,1.0,0.9272727272727274,0.09389050536260403,1.0,0.8181818181818182,1.0,10,0.9272727272727274,0.09389050536260403,1.0,0,,-0.00630865097045893,0.00630865097045893,-0.0020429491996764504,0,0
1720,0.05,2,2,0.8018003106117249,3208,10,0.0498753117206982,160.0,10,0,1.0,0.0,10,0,1.0,0.7599067599067599,0.10010954721620148,0.8181818181818182,0.5384615384615384,0.8181818181818182,10,0.7599067599067599,0.10010954721620148,0.8181818181818182,0,,-0.00850331783294671,0.00850331783294671,-0.007236450910568201,0,0
1720,0.1,2,2,0.8018003106117249,3208,10,0.1000623441396508,321.0,10,0,1.0,0.0,10,0,1.0,0.6177156177156177,0.09497225541940964,0.6025641025641025,0.5384615384615384,0.8181818181818182,10,0.6177156177156177,0.09497225541940964,0.6025641025641025,0,,-0.022030919790267892,0.022030919790267892,-0.01724612712860105,0,0
1720,0.2,2,2,0.8018003106117249,3208,10,0.2001246882793017,642.0,10,0,1.0,0.0,10,0,1.0,0.5239427239427239,0.12577083577280726,0.5384615384615384,0.3333333333333333,0.8181818181818182,10,0.5239427239427239,0.12577083577280726,0.5384615384615384,0,,-0.059761708974838214,0.059761708974838214,-0.046765834093093844,0,0
1721,0.01,2,2,0.7347998023033142,3365,10,0.0101040118870728,34.0,10,0,1.0,0.0,10,0,1.0,0.9636363636363636,0.0766612766101425,1.0,0.8181818181818182,1.0,10,0.9636363636363636,0.0766612766101425,1.0,0,,-0.006635540723800621,0.00674014687538142,-0.0037722885608672497,0,0
1721,0.05,2,2,0.7347998023033142,3365,10,0.049925705794948,168.0,10,0,1.0,0.0,10,0,1.0,0.9090909090909092,0.09582659576267813,0.9090909090909092,0.8181818181818182,1.0,10,0.9090909090909092,0.09582659576267813,0.9090909090909092,0,,-0.01612358093261713,0.01612358093261713,-0.0149489045143127,0,0
1721,0.1,2,2,0.7347998023033142,3365,10,0.10014858841010402,337.0,10,0,1.0,0.0,10,0,1.0,0.7575757575757576,0.07824208780217008,0.8181818181818182,0.6666666666666666,0.8181818181818182,10,0.7575757575757576,0.07824208780217008,0.8181818181818182,0,,-0.04322975277900691,0.04322975277900691,-0.03715777397155755,0,0
1721,0.2,2,2,0.7347998023033142,3365,10,0.2,673.0,10,0,1.0,0.0,10,0,1.0,0.6733932733932735,0.20197968901636806,0.6025641025641025,0.4285714285714285,1.0,10,0.6733932733932735,0.20197968901636806,0.6025641025641025,0,,-0.07446119785308833,0.07446119785308833,-0.07340836524963375,0,0
1722,0.01,2,2,0.4012892842292785,2989,10,0.0100368016058882,30.0,10,0,1.0,0.0,10,0,1.0,0.9090909090909092,0.09582659576267813,0.9090909090909092,0.8181818181818182,1.0,10,0.9090909090909092,0.09582659576267813,0.9090909090909092,0,,-0.0036533176898956203,0.0049730002880096005,-0.0003123581409454,0,0
1722,0.05,2,2,0.4012892842292785,2989,10,0.04984944797591161,149.0,10,0,1.0,0.0,10,0,1.0,0.7016317016317016,0.11179094459936413,0.6666666666666666,0.5384615384615384,0.8181818181818182,10,0.7016317016317016,0.11179094459936413,0.6666666666666666,0,,-0.0121813505887985,0.015592911839485121,-0.0099461376667022,0,0
1722,0.1,2,2,0.4012892842292785,2989,10,0.10003345600535289,299.0,10,0,1.0,0.0,10,0,1.0,0.5972027972027971,0.12976983052620897,0.6025641025641025,0.3333333333333333,0.8181818181818182,10,0.5972027972027971,0.12976983052620897,0.6025641025641025,0,,-0.02219817936420437,0.02415329515933985,-0.0225305706262588,0,0
1722,0.2,2,2,0.4012892842292785,2989,10,0.20006691201070587,598.0,10,0,1.0,0.0,10,0,1.0,0.443956043956044,0.09015256541309279,0.4285714285714285,0.3333333333333333,0.5384615384615384,10,0.443956043956044,0.09015256541309279,0.4285714285714285,0,,-0.031148907542228665,0.031148907542228665,-0.0311285108327865,0,0
1726,0.01,2,2,0.5190050601959229,3332,10,0.0099039615846338,33.0,10,0,1.0,0.0,10,0,1.0,0.9090909090909092,0.09582659576267813,0.9090909090909092,0.8181818181818182,1.0,10,0.9090909090909092,0.09582659576267813,0.9090909090909092,0,,0.00033413171768189264,0.0032920956611632926,0.0010235011577606,0,0
1726,0.05,2,2,0.5190050601959229,3332,10,0.050120048019207594,167.0,10,0,1.0,0.0,10,0,1.0,0.6433566433566433,0.08617355482835601,0.6666666666666666,0.5384615384615384,0.8181818181818182,10,0.6433566433566433,0.08617355482835601,0.6666666666666666,0,,-0.01174163520336147,0.011766800284385629,-0.0125399231910705,0,0
1726,0.1,2,2,0.5190050601959229,3332,10,0.09993997599039608,333.0,10,0,1.0,0.0,10,0,1.0,0.6218781218781219,0.12836108220803683,0.6025641025641025,0.4285714285714285,0.8181818181818182,10,0.6218781218781219,0.12836108220803683,0.6025641025641025,0,,-0.03074043691158291,0.03074043691158291,-0.0205179005861282,0,0
1726,0.2,2,2,0.5190050601959229,3332,10,0.1998799519807923,666.0,10,0,1.0,0.0,10,0,1.0,0.543956043956044,0.09731693785597305,0.5384615384615384,0.4285714285714285,0.6666666666666666,10,0.543956043956044,0.09731693785597305,0.5384615384615384,0,,-0.02203747332096098,0.023559489846229516,-0.022430166602134698,0,0
1744,0.01,2,2,0.7981822490692139,3006,10,0.0099800399201596,30.0,10,0,1.0,0.0,10,0,1.0,0.9121212121212121,0.12159031907720533,1.0,0.6666666666666666,1.0,10,0.9121212121212121,0.12159031907720533,1.0,0,,-0.001163816452026315,0.0011671304702758267,-0.0010548830032348,0,0
1744,0.05,2,2,0.7981822490692139,3006,10,0.0499001996007984,150.0,10,0,1.0,0.0,10,0,1.0,0.731934731934732,0.11926392450256348,0.8181818181818182,0.5384615384615384,0.8181818181818182,10,0.731934731934732,0.11926392450256348,0.8181818181818182,0,,-0.02379199862480158,0.02379199862480158,-0.005338966846466,0,0
1744,0.1,2,2,0.7981822490692139,3006,10,0.1001330671989354,301.0,10,0,1.0,0.0,10,0,1.0,0.7057942057942058,0.1384840383153906,0.7424242424242424,0.4285714285714285,0.8181818181818182,10,0.7057942057942058,0.1384840383153906,0.7424242424242424,0,,-0.027981364727020196,0.027981364727020196,-0.0135358572006225,0,0
1744,0.2,2,2,0.7981822490692139,3006,10,0.19993346640053217,601.0,10,0,1.0,0.0,10,0,1.0,0.46813186813186813,0.1192312537540788,0.4285714285714285,0.3333333333333333,0.6666666666666666,10,0.46813186813186813,0.1192312537540788,0.4285714285714285,0,,-0.061366754770278864,0.061366754770278864,-0.04679617285728445,0,0
1745,0.01,2,2,0.7068392038345337,3202,10,0.0099937539038101,32.0,10,0,1.0,0.0,10,0,1.0,0.9272727272727274,0.09389050536260403,1.0,0.8181818181818182,1.0,10,0.9272727272727274,0.09389050536260403,1.0,0,,-0.005234849452972379,0.005383074283599818,-0.0022383034229278,0,0
1745,0.05,2,2,0.7068392038345337,3202,10,0.0499687695190505,160.0,10,0,1.0,0.0,10,0,1.0,0.7016317016317016,0.11179094459936413,0.6666666666666666,0.5384615384615384,0.8181818181818182,10,0.7016317016317016,0.11179094459936413,0.6666666666666666,0,,-0.017037135362625088,0.01734916567802425,-0.017224907875061,0,0
1745,0.1,2,2,0.7068392038345337,3202,10,0.0999375390381011,320.0,10,0,1.0,0.0,10,0,1.0,0.5939060939060938,0.10999391323982344,0.5384615384615384,0.4285714285714285,0.8181818181818182,10,0.5939060939060938,0.10999391323982344,0.5384615384615384,0,,-0.03835491538047785,0.03835491538047785,-0.03800818324089045,0,0
1745,0.2,2,2,0.7068392038345337,3202,10,0.19987507807620233,640.0,10,0,1.0,0.0,10,0,1.0,0.5073260073260073,0.07820605753308855,0.5384615384615384,0.4285714285714285,0.6666666666666666,10,0.5073260073260073,0.07820605753308855,0.5384615384615384,0,,-0.09273130297660824,0.09273130297660824,-0.0965383946895599,0,0
1748,0.01,2,2,0.6427563428878784,3053,10,0.0101539469374385,31.0,10,0,1.0,0.0,10,0,1.0,0.9121212121212121,0.12159031907720533,1.0,0.6666666666666666,1.0,10,0.9121212121212121,0.12159031907720533,1.0,0,,-0.001436144113540614,0.002107900381088214,-0.0010231733322143,0,0
1748,0.05,2,2,0.6427563428878784,3053,10,0.05011464133639041,153.0,10,0,1.0,0.0,10,0,1.0,0.6456876456876456,0.10916791788459043,0.6666666666666666,0.5384615384615384,0.8181818181818182,10,0.6456876456876456,0.10916791788459043,0.6666666666666666,0,,-0.02366442680358881,0.02366442680358881,-0.0098013281822204,0,0
1748,0.1,2,2,0.6427563428878784,3053,10,0.0999017359973796,305.0,10,0,1.0,0.0,10,0,1.0,0.5829170829170829,0.12107932099615232,0.5384615384615384,0.4285714285714285,0.8181818181818182,10,0.5829170829170829,0.12107932099615232,0.5384615384615384,0,,-0.025797283649444565,0.03103996515274044,-0.01991808414459225,0,0
1748,0.2,2,2,0.6427563428878784,3053,10,0.2001310186701605,611.0,10,0,1.0,0.0,10,0,1.0,0.4594322344322344,0.12714695727459455,0.48351648351648346,0.25,0.6666666666666666,10,0.4594322344322344,0.12714695727459455,0.48351648351648346,0,,-0.06847426295280452,0.06847426295280452,-0.05289322137832635,0,0
1749,0.01,2,2,0.6309836506843567,3418,10,0.0099473376243417,34.0,10,0,1.0,0.0,10,0,1.0,0.8727272727272728,0.08782652573448142,0.8181818181818182,0.8181818181818182,1.0,10,0.8727272727272728,0.08782652573448142,0.8181818181818182,0,,-0.00160385370254514,0.00265221595764156,-0.0017551183700560999,0,0
1749,0.05,2,2,0.6309836506843567,3418,10,0.050029256875365705,171.0,10,0,1.0,0.0,10,0,1.0,0.7447552447552448,0.10176189062441017,0.8181818181818182,0.5384615384615384,0.8181818181818182,10,0.7447552447552448,0.10176189062441017,0.8181818181818182,0,,-0.01193724274635311,0.014066570997238109,-0.01233538985252375,0,0
1749,0.1,2,2,0.6309836506843567,3418,10,0.10005851375073141,342.0,10,0,1.0,0.0,10,0,1.0,0.5939060939060938,0.10999391323982344,0.5384615384615384,0.4285714285714285,0.8181818181818182,10,0.5939060939060938,0.10999391323982344,0.5384615384615384,0,,-0.02831687331199641,0.02831687331199641,-0.0272089540958404,0,0
1749,0.2,2,2,0.6309836506843567,3418,10,0.20011702750146282,684.0,10,0,1.0,0.0,10,0,1.0,0.48177655677655673,0.13427020302179132,0.48351648351648346,0.25,0.6666666666666666,10,0.48177655677655673,0.13427020302179132,0.48351648351648346,0,,-0.053504657745361284,0.053504657745361284,-0.0461854934692382,0,0
1761,0.01,2,2,0.3302612900733948,3126,10,0.009916826615483,31.0,10,0,1.0,0.0,10,0,1.0,0.8303030303030303,0.1572646501497258,0.8181818181818182,0.6666666666666666,1.0,10,0.8303030303030303,0.1572646501497258,0.8181818181818182,0,,-0.0004549860954285,0.006494218111038138,0.0031159967184066,0,0
1761,0.05,2,2,0.3302612900733948,3126,10,0.0499040307101727,156.0,10,0,1.0,0.0,10,0,1.0,0.7174825174825175,0.12807933363745694,0.6666666666666666,0.5384615384615384,1.0,10,0.7174825174825175,0.12807933363745694,0.6666666666666666,0,,0.005728816986084008,0.03395931720733637,-0.00503362715244285,0,0
1761,0.1,2,2,0.3302612900733948,3126,10,0.10012795905310298,313.0,10,0,1.0,0.0,10,0,1.0,0.5805860805860805,0.09921339319408916,0.6025641025641025,0.4285714285714285,0.6666666666666666,10,0.5805860805860805,0.09921339319408916,0.6025641025641025,0,,-0.010317838191986048,0.028365987539291333,-0.01286095380783075,0,0
1761,0.2,2,2,0.3302612900733948,3126,10,0.19993602047344847,625.0,10,0,1.0,0.0,10,0,1.0,0.5462870462870463,0.12032138112968553,0.5384615384615384,0.4285714285714285,0.8181818181818182,10,0.5462870462870463,0.12032138112968553,0.5384615384615384,0,,-0.0143075346946716,0.031046807765960645,-0.0107112675905227,0,0
1765,0.01,2,2,0.9009186029434204,3211,10,0.009965742759265,32.0,10,0,1.0,0.0,10,0,1.0,0.9636363636363636,0.0766612766101425,1.0,0.8181818181818182,1.0,10,0.9636363636363636,0.0766612766101425,1.0,0,,-0.002099210023879998,0.0023595273494719966,-0.0005450248718261373,0,0
1765,0.05,2,2,0.9009186029434204,3211,10,0.0501401432575521,161.0,10,0,1.0,0.0,10,0,1.0,0.7167832167832169,0.1166860124596663,0.7424242424242424,0.5384615384615384,0.8181818181818182,10,0.7167832167832169,0.1166860124596663,0.7424242424242424,0,,-0.015319371223449651,0.015319371223449651,-0.01334023475646965,0,0
1765,0.1,2,2,0.9009186029434204,3211,10,0.09996885705387729,321.0,10,0,1.0,0.0,10,0,1.0,0.6841491841491842,0.08116776385305434,0.6666666666666666,0.5384615384615384,0.8181818181818182,10,0.6841491841491842,0.08116776385305434,0.6666666666666666,0,,-0.03147551417350764,0.03147551417350764,-0.0295222699642181,0,0
1765,0.2,2,2,0.9009186029434204,3211,10,0.19993771410775457,642.0,10,0,1.0,0.0,10,0,1.0,0.48681318681318675,0.09436451673280129,0.48351648351648346,0.3333333333333333,0.6666666666666666,10,0.48681318681318675,0.09436451673280129,0.48351648351648346,0,,-0.094202709197998,0.094202709197998,-0.0859254896640777,0,0
1804,0.01,2,2,0.3821392059326172,2150,10,0.0102325581395348,22.0,10,0,1.0,0.0,10,0,1.0,0.9454545454545455,0.08782652573448142,1.0,0.8181818181818182,1.0,10,0.9454545454545455,0.08782652573448142,1.0,0,,-0.00055874884128569,0.00227870643138881,-0.00042958557605740004,0,0
1804,0.05,2,2,0.3821392059326172,2150,10,0.0502325581395348,108.0,10,0,1.0,0.0,10,0,1.0,0.8757575757575757,0.1164467295915523,0.8181818181818182,0.6666666666666666,1.0,10,0.8757575757575757,0.1164467295915523,0.8181818181818182,0,,0.0003627836704254299,0.006699103116989069,-0.0005504786968230501,0,0
1804,0.1,2,2,0.3821392059326172,2150,10,0.1,215.0,10,0,1.0,0.0,10,0,1.0,0.8545454545454547,0.0766612766101425,0.8181818181818182,0.8181818181818182,1.0,10,0.8545454545454547,0.0766612766101425,0.8181818181818182,0,,-0.010973677039146422,0.01975462138652796,-0.0055853277444839,0,0
1804,0.2,2,2,0.3821392059326172,2150,10,0.2,430.0,10,0,1.0,0.0,10,0,1.0,0.6864801864801866,0.10425283238260367,0.6666666666666666,0.5384615384615384,0.8181818181818182,10,0.6864801864801866,0.10425283238260367,0.6666666666666666,0,,-0.017601707577705347,0.022030302882194472,-0.01550507545471185,0,0
1805,0.01,1,1,0.5331879258155823,2208,10,0.009963768115942,22.0,10,0,1.0,0.0,10,0,1.0,0.9272727272727274,0.09389050536260403,1.0,0.8181818181818182,1.0,10,0.9272727272727274,0.09389050536260403,1.0,0,,-0.003373664617538409,0.0035598456859588104,-0.00376001000404355,0,0
1805,0.05,1,1,0.5331879258155823,2208,10,0.0498188405797101,110.0,10,0,1.0,0.0,10,0,1.0,0.7391275391275391,0.16550106872035636,0.8181818181818182,0.4285714285714285,1.0,10,0.7391275391275391,0.16550106872035636,0.8181818181818182,0,,-0.02160948216915127,0.021865472197532605,-0.02150595188140865,0,0
1805,0.1,1,1,0.5331879258155823,2208,10,0.1000905797101449,221.0,10,0,1.0,0.0,10,0,1.0,0.5855727605727605,0.2056936676493318,0.5384615384615384,0.25,1.0,10,0.5855727605727605,0.2056936676493318,0.5384615384615384,0,,-0.04434275031089776,0.04434275031089776,-0.04525774717330925,0,0
1805,0.2,1,1,0.5331879258155823,2208,10,0.2001811594202898,442.0,10,0,1.0,0.0,10,0,1.0,0.5139194139194139,0.12978329780635078,0.5384615384615384,0.3333333333333333,0.6666666666666666,10,0.5139194139194139,0.12978329780635078,0.5384615384615384,0,,-0.0905529975891113,0.0905529975891113,-0.09202311933040615,0,0
1812,0.01,3,3,0.4847483932971954,2726,10,0.0099046221570066,27.0,10,0,1.0,0.0,10,0,1.0,0.8757575757575757,0.1164467295915523,0.8181818181818182,0.6666666666666666,1.0,10,0.8757575757575757,0.1164467295915523,0.8181818181818182,0,,-0.00253171920776362,0.00253927707672114,-0.0025224238634109003,0,0
1812,0.05,3,3,0.4847483932971954,2726,10,0.0498899486426999,136.0,10,0,1.0,0.0,10,0,1.0,0.6864801864801865,0.10425283238260367,0.6666666666666666,0.5384615384615384,0.8181818181818182,10,0.6864801864801865,0.10425283238260367,0.6666666666666666,0,,-0.02021431624889369,0.02021431624889369,-0.013831332325935301,0,0
1812,0.1,3,3,0.4847483932971954,2726,10,0.10014673514306668,273.0,10,0,1.0,0.0,10,0,1.0,0.6960039960039961,0.1702734068753462,0.6666666666666666,0.4285714285714285,1.0,10,0.6960039960039961,0.1702734068753462,0.6666666666666666,0,,-0.03305199146270747,0.03305199146270747,-0.02743335068225855,0,0
1812,0.2,3,3,0.4847483932971954,2726,10,0.1999266324284666,545.0,10,0,1.0,0.0,10,0,1.0,0.49010989010989003,0.12012815409025639,0.48351648351648346,0.3333333333333333,0.6666666666666666,10,0.49010989010989003,0.12012815409025639,0.48351648351648346,0,,-0.07463624775409691,0.07463624775409691,-0.0704383701086044,0,0
1822,0.01,3,3,0.4921839535236358,838,10,0.0095465393794749,8.0,10,0,1.0,0.0,10,0,1.0,0.8424242424242424,0.12436964825552634,0.8181818181818182,0.6666666666666666,1.0,10,0.8424242424242424,0.12436964825552634,0.8181818181818182,0,,-0.0014940142631530502,0.00201718807220455,-0.00072059035301205,0,0
1822,0.05,3,3,0.4921839535236358,838,10,0.0501193317422434,42.0,10,0,1.0,0.0,10,0,1.0,0.6813519813519814,0.16996987456719392,0.6025641025641025,0.5384615384615384,1.0,10,0.6813519813519814,0.16996987456719392,0.6025641025641025,0,,-0.01805771887302394,0.0191376537084579,-0.012305647134780849,0,0
1822,0.1,3,3,0.4921839535236358,838,10,0.1002386634844868,84.0,10,0,1.0,0.0,10,0,1.0,0.5948717948717949,0.10998774661296007,0.6666666666666666,0.3333333333333333,0.6666666666666666,10,0.5948717948717949,0.10998774661296007,0.6666666666666666,0,,-0.04112756252288814,0.04112756252288814,-0.03486716747283935,0,0
1822,0.2,3,3,0.4921839535236358,838,10,0.2004773269689737,168.0,10,0,1.0,0.0,10,0,1.0,0.5222444222444222,0.18340967567248093,0.4285714285714285,0.3333333333333333,0.8181818181818182,10,0.5222444222444222,0.18340967567248093,0.4285714285714285,0,,-0.07732969224452965,0.07732969224452965,-0.06580604612827295,0,0
1830,0.01,2,2,0.4453318417072296,910,10,0.0098901098901098,9.0,10,0,1.0,0.0,10,0,1.0,0.9303030303030303,0.11955944023373982,1.0,0.6666666666666666,1.0,10,0.9303030303030303,0.11955944023373982,1.0,0,,0.001834675669670082,0.003038164973258922,0.0007590800523757501,0,0
1830,0.05,2,2,0.4453318417072296,910,10,0.0505494505494505,46.0,10,0,1.0,0.0,10,0,1.0,0.6754911754911755,0.1252631457540313,0.6666666666666666,0.4285714285714285,0.8181818181818182,10,0.6754911754911755,0.1252631457540313,0.6666666666666666,0,,-0.01223500370979307,0.014534002542495691,-0.0106096118688583,0,0
1830,0.1,2,2,0.4453318417072296,910,10,0.1,91.0,10,0,1.0,0.0,10,0,1.0,0.6561771561771562,0.07798123181021796,0.6666666666666666,0.5384615384615384,0.8181818181818182,10,0.6561771561771562,0.07798123181021796,0.6666666666666666,0,,-0.02270222306251524,0.02598160505294796,-0.0143423676490783,0,0
1830,0.2,2,2,0.4453318417072296,910,10,0.2,182.0,10,0,1.0,0.0,10,0,1.0,0.5010989010989011,0.11889317178357409,0.5384615384615384,0.3333333333333333,0.6666666666666666,10,0.5010989010989011,0.11889317178357409,0.5384615384615384,0,,-0.0621684849262237,0.0621684849262237,-0.06494846940040586,0,0
1856,0.01,1,1,0.4741944670677185,3140,10,0.009872611464968099,31.0,10,0,1.0,0.0,10,0,1.0,1.0,0.0,1.0,1.0,1.0,10,1.0,0.0,1.0,0,,-0.00562062859535213,0.006004518270492511,-0.0052303224802017,0,0
1856,0.05,1,1,0.4741944670677185,3140,10,0.05,157.0,10,0,1.0,0.0,10,0,1.0,0.7811188811188812,0.14888214867426594,0.8181818181818182,0.5384615384615384,1.0,10,0.7811188811188812,0.14888214867426594,0.8181818181818182,0,,-0.017419400811195328,0.01767044365406031,-0.0166815668344497,0,0
1856,0.1,1,1,0.4741944670677185,3140,10,0.1,314.0,10,0,1.0,0.0,10,0,1.0,0.668031968031968,0.17094676234565515,0.6666666666666666,0.4285714285714285,1.0,10,0.668031968031968,0.17094676234565515,0.6666666666666666,0,,-0.03788266479969019,0.03788266479969019,-0.0376772433519363,0,0
1856,0.2,1,1,0.4741944670677185,3140,10,0.2,628.0,10,0,1.0,0.0,10,0,1.0,0.6218781218781219,0.12836108220803683,0.6025641025641025,0.4285714285714285,0.8181818181818182,10,0.6218781218781219,0.12836108220803683,0.6025641025641025,0,,-0.09649047553539272,0.09649047553539272,-0.08802604675292966,0,0
1898,0.01,5,5,0.3185468018054962,497,10,0.0100603621730382,5.0,10,0,1.0,0.0,10,0,1.0,0.9818181818181818,0.05749595745760688,1.0,0.8181818181818182,1.0,10,0.9818181818181818,0.05749595745760688,1.0,0,,-0.0040418624877929295,0.00454228520393367,-0.0016707330942153501,0,0
1898,0.05,5,5,0.3185468018054962,497,10,0.0503018108651911,25.0,10,0,1.0,0.0,10,0,1.0,0.765967365967366,0.15236032281704032,0.7424242424242424,0.5384615384615384,1.0,10,0.765967365967366,0.15236032281704032,0.7424242424242424,0,,-0.0116279065608978,0.01263874173164364,-0.009917512536048851,0,0
1898,0.1,5,5,0.3185468018054962,497,10,0.10060362173038231,50.0,10,0,1.0,0.0,10,0,1.0,0.6067266067266067,0.11028462937049203,0.6025641025641025,0.4285714285714285,0.8181818181818182,10,0.6067266067266067,0.11028462937049203,0.6025641025641025,0,,-0.015363177657127372,0.019346293807029687,-0.0060694813728332,0,0
1898,0.2,5,5,0.3185468018054962,497,10,0.19919517102615686,99.0,10,0,1.0,0.0,10,0,1.0,0.46483516483516485,0.09235241921482154,0.4285714285714285,0.3333333333333333,0.6666666666666666,10,0.46483516483516485,0.09235241921482154,0.4285714285714285,0,,-0.04155178219079968,0.04155178219079968,-0.04175698757171625,0,0
1903,0.01,5,5,0.7387283444404602,533,10,0.0093808630393996,5.0,10,0,1.0,0.0,10,0,1.0,0.9454545454545455,0.08782652573448142,1.0,0.8181818181818182,1.0,10,0.9454545454545455,0.08782652573448142,1.0,0,,-0.005469417572021468,0.006566476821899372,-0.00257512927055355,0,0
1903,0.05,5,5,0.7387283444404602,533,10,0.0506566604127579,27.0,10,0,1.0,0.0,10,0,1.0,0.7447552447552448,0.10176189062441017,0.8181818181818182,0.5384615384615384,0.8181818181818182,10,0.7447552447552448,0.10176189062441017,0.8181818181818182,0,,-0.02710214257240291,0.029967635869979813,-0.01288279891014095,0,0
1903,0.1,5,5,0.7387283444404602,533,10,0.09943714821763598,53.0,10,0,1.0,0.0,10,0,1.0,0.6713286713286714,0.09343414151084643,0.6666666666666666,0.5384615384615384,0.8181818181818182,10,0.6713286713286714,0.09343414151084643,0.6666666666666666,0,,-0.07485074996948235,0.07485074996948235,-0.05726519227027885,0,0
1903,0.2,5,5,0.7387283444404602,533,10,0.2007504690431519,107.0,10,0,1.0,0.0,10,0,1.0,0.45796703296703295,0.11796133333870325,0.4285714285714285,0.25,0.6666666666666666,10,0.45796703296703295,0.11796133333870325,0.4285714285714285,0,,-0.16016685962677,0.16016685962677,-0.14575073122978205,0,0
1917,0.01,6,6,0.4839926958084106,906,10,0.009933774834437,9.0,10,0,1.0,0.0,10,0,1.0,0.8424242424242425,0.12436964825552635,0.8181818181818182,0.6666666666666666,1.0,10,0.8424242424242425,0.12436964825552635,0.8181818181818182,0,,-0.0031628310680389196,0.00368847846984858,-0.00175957381725305,0,0
1917,0.05,6,6,0.4839926958084106,906,10,0.0496688741721854,45.0,10,0,1.0,0.0,10,0,1.0,0.6521811521811521,0.15353777141202402,0.6025641025641025,0.4285714285714285,0.8181818181818182,10,0.6521811521811521,0.15353777141202402,0.6025641025641025,0,,-0.019550895690917926,0.019550895690917926,-0.0203446000814437,0,0
1917,0.1,6,6,0.4839926958084106,906,10,0.10044150110375269,91.0,10,0,1.0,0.0,10,0,1.0,0.6165168165168164,0.17023857994802247,0.6025641025641025,0.3333333333333333,0.8181818181818182,10,0.6165168165168164,0.17023857994802247,0.6025641025641025,0,,-0.05183632671833034,0.05183632671833034,-0.051835298538207994,0,0
1917,0.2,6,6,0.4839926958084106,906,10,0.1997792494481236,181.0,10,0,1.0,0.0,10,0,1.0,0.42912087912087904,0.13067508516101564,0.4285714285714285,0.25,0.6666666666666666,10,0.42912087912087904,0.13067508516101564,0.4285714285714285,0,,-0.08728604018688198,0.08728604018688198,-0.08495932817459101,0,0
1934,0.01,3,3,0.2941996455192566,405,10,0.009876543209876498,4.0,10,0,1.0,0.0,10,0,1.0,0.9454545454545455,0.08782652573448142,1.0,0.8181818181818182,1.0,10,0.9454545454545455,0.08782652573448142,1.0,0,,-0.00280573964118955,0.0031464099884032704,-0.00087718665599815,0,0
1934,0.05,3,3,0.2941996455192566,405,10,0.0493827160493827,20.0,10,0,1.0,0.0,10,0,1.0,0.7652680652680653,0.14317933963224616,0.8181818181818182,0.5384615384615384,1.0,10,0.7652680652680653,0.14317933963224616,0.8181818181818182,0,,-0.013384053111076322,0.013384053111076322,-0.012594595551490749,0,0
1934,0.1,3,3,0.2941996455192566,405,10,0.1012345679012345,41.0,10,0,1.0,0.0,10,0,1.0,0.5912004662004662,0.16490943432039332,0.5384615384615384,0.25,0.8181818181818182,10,0.5912004662004662,0.16490943432039332,0.5384615384615384,0,,-0.025783690810203506,0.025783690810203506,-0.02616041898727415,0,0
1934,0.2,3,3,0.2941996455192566,405,10,0.2,81.0,10,0,1.0,0.0,10,0,1.0,0.45207929325576385,0.1418770648043368,0.48351648351648346,0.1764705882352941,0.6666666666666666,10,0.45207929325576385,0.1418770648043368,0.48351648351648346,0,,-0.03621857911348338,0.03621857911348338,-0.0361249595880508,0,0
1948,0.01,3,3,0.4557731449604034,452,10,0.0110619469026548,5.0,10,0,1.0,0.0,10,0,1.0,0.9272727272727274,0.09389050536260403,1.0,0.8181818181818182,1.0,10,0.9272727272727274,0.09389050536260403,1.0,0,,-0.00441292822360988,0.004554179310798601,-0.00325350463390345,0,0
1948,0.05,3,3,0.4557731449604034,452,10,0.0508849557522123,23.0,10,0,1.0,0.0,10,0,1.0,0.6965034965034965,0.17518843379157195,0.6783216783216783,0.5384615384615384,1.0,10,0.6965034965034965,0.17518843379157195,0.6783216783216783,0,,-0.017584609985351517,0.017584609985351517,-0.01670116186141965,0,0
1948,0.1,3,3,0.4557731449604034,452,10,0.0995575221238938,45.0,10,0,1.0,0.0,10,0,1.0,0.529070929070929,0.1558280900427231,0.5384615384615384,0.3333333333333333,0.8181818181818182,10,0.529070929070929,0.1558280900427231,0.5384615384615384,0,,-0.03282498419284814,0.03282498419284814,-0.0350495725870132,0,0
1948,0.2,3,3,0.4557731449604034,452,10,0.1991150442477876,90.0,10,0,1.0,0.0,10,0,1.0,0.351255117431588,0.1157517028230025,0.38095238095238093,0.1764705882352941,0.5384615384615384,10,0.351255117431588,0.1157517028230025,0.38095238095238093,0,,-0.08410957157611842,0.08410957157611842,-0.08097496628761285,0,0
1954,0.01,5,5,0.5720919966697693,781,10,0.0102432778489116,8.0,10,0,1.0,0.0,10,0,1.0,0.9272727272727274,0.09389050536260403,1.0,0.8181818181818182,1.0,10,0.9272727272727274,0.09389050536260403,1.0,0,,-0.010290962457656799,0.010290962457656799,-0.01043912768363945,0,0
1954,0.05,5,5,0.5720919966697693,781,10,0.0499359795134443,39.0,10,0,1.0,0.0,10,0,1.0,0.7750582750582751,0.0958029669629693,0.8181818181818182,0.5384615384615384,0.8181818181818182,10,0.7750582750582751,0.0958029669629693,0.8181818181818182,0,,-0.02715839147567743,0.02715839147567743,-0.0190681815147399,0,0
1954,0.1,5,5,0.5720919966697693,781,10,0.0998719590268886,78.0,10,0,1.0,0.0,10,0,1.0,0.6067266067266067,0.11028462937049202,0.6025641025641025,0.4285714285714285,0.8181818181818182,10,0.6067266067266067,0.11028462937049202,0.6025641025641025,0,,-0.058181989192962594,0.058181989192962594,-0.05988547205924985,0,0
1954,0.2,5,5,0.5720919966697693,781,10,0.1997439180537772,156.0,10,0,1.0,0.0,10,0,1.0,0.5495837495837496,0.13988438159301728,0.5384615384615384,0.3333333333333333,0.8181818181818182,10,0.5495837495837496,0.13988438159301728,0.5384615384615384,0,,-0.0925102055072784,0.0925102055072784,-0.09491524100303644,0,0
1955,0.01,5,5,0.9181212782859802,382,10,0.0104712041884816,4.0,10,0,1.0,0.0,10,0,1.0,0.9090909090909092,0.09582659576267813,0.9090909090909092,0.8181818181818182,1.0,10,0.9090909090909092,0.09582659576267813,0.9090909090909092,0,,-0.00351837873458856,0.00351837873458856,-0.0033185184001922,0,0
1955,0.05,5,5,0.9181212782859802,382,10,0.049738219895287906,19.0,10,0,1.0,0.0,10,0,1.0,0.734965034965035,0.1449769768464173,0.7424242424242424,0.5384615384615384,1.0,10,0.734965034965035,0.1449769768464173,0.7424242424242424,0,,-0.01655477285385127,0.01655477285385127,-0.01553249359130855,0,0
1955,0.1,5,5,0.9181212782859802,382,10,0.09947643979057588,38.0,10,0,1.0,0.0,10,0,1.0,0.5495837495837496,0.13988438159301728,0.5384615384615384,0.3333333333333333,0.8181818181818182,10,0.5495837495837496,0.13988438159301728,0.5384615384615384,0,,-0.042027449607849085,0.042027449607849085,-0.03948765993118285,0,0
1955,0.2,5,5,0.9181212782859802,382,10,0.19895287958115176,76.0,10,0,1.0,0.0,10,0,1.0,0.4656593406593406,0.09339985970126032,0.48351648351648346,0.25,0.5384615384615384,10,0.4656593406593406,0.09339985970126032,0.48351648351648346,0,,-0.09193460345268245,0.09193460345268245,-0.08574569225311275,0,0
1965,0.01,4,4,0.5819104313850403,215,10,0.009302325581395298,2.0,10,0,1.0,0.0,10,0,1.0,0.9454545454545455,0.08782652573448142,1.0,0.8181818181818182,1.0,10,0.9454545454545455,0.08782652573448142,1.0,0,,-0.00404746532440182,0.004273629188537561,-0.00320580601692195,0,0
1965,0.05,4,4,0.5819104313850403,215,10,0.0511627906976744,11.0,10,0,1.0,0.0,10,0,1.0,0.7383838383838385,0.25193871276218455,0.8181818181818182,0.1111111111111111,1.0,10,0.7383838383838385,0.25193871276218455,0.8181818181818182,0,,-0.03649584650993343,0.03697541356086725,-0.02671542763710015,0,0
1965,0.1,4,4,0.5819104313850403,215,10,0.1023255813953488,22.0,10,0,1.0,0.0,10,0,1.0,0.5755141916906623,0.251666255486859,0.5384615384615384,0.1764705882352941,1.0,10,0.5755141916906623,0.251666255486859,0.5384615384615384,0,,-0.06295237541198725,0.06295237541198725,-0.0605719685554504,0,0
1965,0.2,4,4,0.5819104313850403,215,10,0.2,43.0,10,0,1.0,0.0,10,0,1.0,0.643023643023643,0.17408236268877933,0.6666666666666666,0.4285714285714285,0.8181818181818182,10,0.643023643023643,0.17408236268877933,0.6666666666666666,0,,-0.09516736865043636,0.09516736865043636,-0.106140524148941,0,0
1966,0.01,4,4,0.7453000545501709,738,10,0.009485094850948502,7.0,10,0,1.0,0.0,10,0,1.0,0.9818181818181818,0.05749595745760688,1.0,0.8181818181818182,1.0,10,0.9818181818181818,0.05749595745760688,1.0,0,,-0.00173727869987488,0.0039623081684112,-0.0008301138877868498,0,0
1966,0.05,4,4,0.7453000545501709,738,10,0.050135501355013504,37.0,10,0,1.0,0.0,10,0,1.0,0.7111555111555112,0.17407161841100457,0.7424242424242424,0.4285714285714285,1.0,10,0.7111555111555112,0.17407161841100457,0.7424242424242424,0,,-0.01322490572929381,0.015217298269271812,-0.01152363419532775,0,0
1966,0.1,4,4,0.7453000545501709,738,10,0.10027100271002712,74.0,10,0,1.0,0.0,10,0,1.0,0.5733932733932734,0.13723631496981206,0.5384615384615384,0.3333333333333333,0.8181818181818182,10,0.5733932733932734,0.13723631496981206,0.5384615384615384,0,,-0.04366068243980404,0.04366068243980404,-0.042028635740280096,0,0
1966,0.2,4,4,0.7453000545501709,738,10,0.20054200542005424,148.0,10,0,1.0,0.0,10,0,1.0,0.4534798534798535,0.08181254879405475,0.4285714285714285,0.3333333333333333,0.5384615384615384,10,0.4534798534798535,0.08181254879405475,0.4285714285714285,0,,-0.07154379487037654,0.07154379487037654,-0.06547123193740839,0,0
1971,0.01,4,4,0.5015748143196106,449,10,0.0089086859688195,4.0,10,0,1.0,0.0,10,0,1.0,0.806060606060606,0.09279744709378468,0.8181818181818182,0.6666666666666666,1.0,10,0.806060606060606,0.09279744709378468,0.8181818181818182,0,,-0.002045908570289562,0.0024318486452102024,-0.002147153019905,0,0
1971,0.05,4,4,0.5015748143196106,449,10,0.0489977728285077,22.0,10,0,1.0,0.0,10,0,1.0,0.6778221778221779,0.14147844848167782,0.6666666666666666,0.4285714285714285,0.8181818181818182,10,0.6778221778221779,0.14147844848167782,0.6666666666666666,0,,-0.021952116489410346,0.021952116489410346,-0.01662580668926235,0,0
1971,0.1,4,4,0.5015748143196106,449,10,0.1002227171492204,45.0,10,0,1.0,0.0,10,0,1.0,0.5201465201465201,0.09298868261128096,0.5384615384615384,0.4285714285714285,0.6666666666666666,10,0.5201465201465201,0.09298868261128096,0.5384615384615384,0,,-0.045722129940986574,0.045722129940986574,-0.047240018844604395,0,0
1971,0.2,4,4,0.5015748143196106,449,10,0.2004454342984409,90.0,10,0,1.0,0.0,10,0,1.0,0.3645604395604395,0.07986884590761884,0.3333333333333333,0.25,0.5384615384615384,10,0.3645604395604395,0.07986884590761884,0.3333333333333333,0,,-0.08049464523792262,0.08049464523792262,-0.0848749876022338,0,0
2002,0.01,4,4,0.4104312062263489,1392,10,0.0100574712643678,14.0,10,0,1.0,0.0,10,0,1.0,0.8727272727272728,0.08782652573448142,0.8181818181818182,0.8181818181818182,1.0,10,0.8727272727272728,0.08782652573448142,0.8181818181818182,0,,-0.0001228481531143002,0.0016836136579513002,-0.0003134757280349,0,0
2002,0.05,4,4,0.4104312062263489,1392,10,0.05028735632183899,70.0,10,0,1.0,0.0,10,0,1.0,0.723976023976024,0.16439138549184454,0.7424242424242424,0.4285714285714285,1.0,10,0.723976023976024,0.16439138549184454,0.7424242424242424,0,,-0.013173505663871732,0.01412424743175503,-0.010979026556015,0,0
2002,0.1,4,4,0.4104312062263489,1392,10,0.09985632183908041,139.0,10,0,1.0,0.0,10,0,1.0,0.6754911754911755,0.20095326249873885,0.6666666666666666,0.3333333333333333,1.0,10,0.6754911754911755,0.20095326249873885,0.6666666666666666,0,,-0.04878548979759212,0.04878548979759212,-0.05466495454311365,0,0
2002,0.2,4,4,0.4104312062263489,1392,10,0.1997126436781609,278.0,10,0,1.0,0.0,10,0,1.0,0.4886446886446887,0.11081149475917408,0.4285714285714285,0.3333333333333333,0.6666666666666666,10,0.4886446886446887,0.11081149475917408,0.4285714285714285,0,,-0.05308499634265894,0.05308499634265894,-0.05850052833557125,0,0
2041,0.01,3,3,0.4097443222999573,1238,10,0.009693053311793199,12.0,10,0,1.0,0.0,10,0,1.0,0.890909090909091,0.09389050536260402,0.8181818181818182,0.8181818181818182,1.0,10,0.890909090909091,0.09389050536260402,0.8181818181818182,0,,-0.0034003138542175104,0.00435760617256161,-0.0029426664113997997,0,0
2041,0.05,3,3,0.4097443222999573,1238,10,0.050080775444264904,62.0,10,0,1.0,0.0,10,0,1.0,0.6673326673326674,0.162349188863055,0.6783216783216783,0.4285714285714285,0.8181818181818182,10,0.6673326673326674,0.162349188863055,0.6783216783216783,0,,-0.009206181764602599,0.009206181764602599,-0.00859233736991875,0,0
2041,0.1,3,3,0.4097443222999573,1238,10,0.10016155088852981,124.0,9,1,0.9,0.09999999999999998,10,0,1.0,0.44432234432234424,0.09685318485816279,0.4285714285714285,0.3333333333333333,0.6666666666666666,9,0.4566544566544566,0.09403294983877976,0.4285714285714285,1,0.3333333333333333,-0.02350105941295619,0.02350105941295619,-0.0210732072591781,0,0
2041,0.2,3,3,0.4097443222999573,1238,10,0.2003231017770597,248.0,10,0,1.0,0.0,10,0,1.0,0.3128851540616246,0.09153827528291242,0.29166666666666663,0.1764705882352941,0.4285714285714285,10,0.3128851540616246,0.09153827528291242,0.29166666666666663,0,,-0.04943429529666895,0.04943429529666895,-0.051324963569641044,0,0
2052,0.01,0,0,0.3994514048099518,718,10,0.009749303621169898,7.0,10,0,1.0,0.0,10,0,1.0,0.8424242424242424,0.12436964825552635,0.8181818181818182,0.6666666666666666,1.0,10,0.8424242424242424,0.12436964825552635,0.8181818181818182,0,,-0.00162251889705659,0.00342946946620937,-0.0019973367452621,0,0
2052,0.05,0,0,0.3994514048099518,718,10,0.0501392757660167,36.0,10,0,1.0,0.0,10,0,1.0,0.6585081585081586,0.10250080455937587,0.6666666666666666,0.5384615384615384,0.8181818181818182,10,0.6585081585081586,0.10250080455937587,0.6666666666666666,0,,-0.02041688561439509,0.02041688561439509,-0.022200286388397147,0,0
2052,0.1,0,0,0.3994514048099518,718,10,0.1002785515320334,72.0,10,0,1.0,0.0,10,0,1.0,0.49542124542124544,0.14638017327079791,0.5384615384615384,0.25,0.6666666666666666,10,0.49542124542124544,0.14638017327079791,0.5384615384615384,0,,-0.035554233193397476,0.035554233193397476,-0.03574453294277185,0,0
2052,0.2,0,0,0.3994514048099518,718,10,0.2005571030640668,144.0,10,0,1.0,0.0,10,0,1.0,0.3875604787369493,0.1765245368844814,0.38095238095238093,0.1764705882352941,0.8181818181818182,10,0.3875604787369493,0.1765245368844814,0.38095238095238093,0,,-0.07051106393337245,0.07051106393337245,-0.06570877134799949,0,0
2059,0.01,0,0,0.4081485867500305,449,10,0.0089086859688195,4.0,10,0,1.0,0.0,10,0,1.0,0.890909090909091,0.09389050536260402,0.8181818181818182,0.8181818181818182,1.0,10,0.890909090909091,0.09389050536260402,0.8181818181818182,0,,-0.00561971664428706,0.005679649114608699,-0.0049865543842315,0,0
2059,0.05,0,0,0.4081485867500305,449,10,0.0489977728285077,22.0,10,0,1.0,0.0,10,0,1.0,0.7141858141858142,0.19296449382374606,0.6666666666666666,0.4285714285714285,1.0,10,0.7141858141858142,0.19296449382374606,0.6666666666666666,0,,-0.01443608999252317,0.015460956096649131,-0.014830082654952951,0,0
2059,0.1,0,0,0.4081485867500305,449,10,0.1002227171492204,45.0,10,0,1.0,0.0,10,0,1.0,0.6293373293373293,0.16852605880675134,0.6666666666666666,0.3333333333333333,0.8181818181818182,10,0.6293373293373293,0.16852605880675134,0.6666666666666666,0,,-0.01841643452644345,0.020304375886917074,-0.018046334385871853,0,0
2059,0.2,0,0,0.4081485867500305,449,10,0.2004454342984409,90.0,10,0,1.0,0.0,10,0,1.0,0.3807422969187675,0.1318528460954019,0.38095238095238093,0.1764705882352941,0.6666666666666666,10,0.3807422969187675,0.1318528460954019,0.38095238095238093,0,,-0.07513422966003414,0.07513422966003414,-0.0705399960279464,0,0
2060,0.01,5,5,0.6995407342910767,191,10,0.0104712041884816,2.0,10,0,1.0,0.0,10,0,1.0,0.5896167557932264,0.32827741410214484,0.6666666666666666,0.1764705882352941,1.0,10,0.5896167557932264,0.32827741410214484,0.6666666666666666,0,,-0.01301681399345398,0.015877717733383163,-0.00485759973526,0,0
2060,0.05,5,5,0.6995407342910767,191,10,0.0523560209424083,10.0,10,0,1.0,0.0,10,0,1.0,0.45350564468211535,0.29745883701994746,0.4583333333333333,0.1111111111111111,0.8181818181818182,10,0.45350564468211535,0.29745883701994746,0.4583333333333333,0,,-0.011686855554580659,0.011793822050094561,-0.01156634092330925,0,0
2060,0.1,5,5,0.6995407342910767,191,10,0.09947643979057588,19.0,10,0,1.0,0.0,10,0,1.0,0.4147959883254001,0.24262297237350575,0.33928571428571425,0.1764705882352941,0.8181818181818182,10,0.4147959883254001,0.24262297237350575,0.33928571428571425,0,,-0.03495391607284542,0.03668675422668452,-0.036922723054885795,0,0
2060,0.2,5,5,0.6995407342910767,191,10,0.19895287958115176,38.0,10,0,1.0,0.0,10,0,1.0,0.29536737772031885,0.17802671539183165,0.2549019607843137,0.1111111111111111,0.5384615384615384,10,0.29536737772031885,0.17802671539183165,0.2549019607843137,0,,-0.08754226565361019,0.08754226565361019,-0.05974751710891715,0,0
2074,0.01,0,0,0.6075204014778137,639,10,0.0093896713615023,6.0,10,0,1.0,0.0,10,0,1.0,0.9484848484848485,0.1143245156922902,1.0,0.6666666666666666,1.0,10,0.9484848484848485,0.1143245156922902,1.0,0,,-0.00271428823471067,0.0031056404113769098,-0.0013309419155120498,0,0
2074,0.05,0,0,0.6075204014778137,639,10,0.0500782472613458,32.0,10,0,1.0,0.0,10,0,1.0,0.734965034965035,0.1449769768464173,0.7424242424242424,0.5384615384615384,1.0,10,0.734965034965035,0.1449769768464173,0.7424242424242424,0,,-0.031371361017227116,0.031371361017227116,-0.02402076125144955,0,0
2074,0.1,0,0,0.6075204014778137,639,10,0.10015649452269168,64.0,10,0,1.0,0.0,10,0,1.0,0.659965034965035,0.18192259244808615,0.6666666666666666,0.25,0.8181818181818182,10,0.659965034965035,0.18192259244808615,0.6666666666666666,0,,-0.061797446012496905,0.061797446012496905,-0.05599489808082575,0,0
2074,0.2,0,0,0.6075204014778137,639,10,0.20031298904538336,128.0,10,0,1.0,0.0,10,0,1.0,0.41428571428571426,0.10051517586658769,0.4285714285714285,0.3333333333333333,0.6666666666666666,10,0.41428571428571426,0.10051517586658769,0.4285714285714285,0,,-0.13252808153629297,0.13252808153629297,-0.12253734469413755,0,0
2075,0.01,3,3,0.6888059377670288,351,10,0.011396011396011301,4.0,10,0,1.0,0.0,10,0,1.0,0.7878787878787878,0.0638843971751188,0.8181818181818182,0.6666666666666666,0.8181818181818182,10,0.7878787878787878,0.0638843971751188,0.8181818181818182,0,,-0.00459083914756772,0.00492181181907648,-0.00374197959899895,0,0
2075,0.05,3,3,0.6888059377670288,351,10,0.0512820512820512,18.0,10,0,1.0,0.0,10,0,1.0,0.5311355311355311,0.08728237362960448,0.5384615384615384,0.4285714285714285,0.6666666666666666,10,0.5311355311355311,0.08728237362960448,0.5384615384615384,0,,-0.030168461799621526,0.030168461799621526,-0.02789479494094845,0,0
2075,0.1,3,3,0.6888059377670288,351,10,0.0997150997150997,35.0,10,0,1.0,0.0,10,0,1.0,0.46776556776556777,0.11394041634522832,0.48351648351648346,0.3333333333333333,0.6666666666666666,10,0.46776556776556777,0.11394041634522832,0.48351648351648346,0,,-0.04213877320289607,0.04213877320289607,-0.0411404967308044,0,0
2075,0.2,3,3,0.6888059377670288,351,10,0.1994301994301994,70.0,10,0,1.0,0.0,10,0,1.0,0.35693277310924365,0.08902715165715276,0.38095238095238093,0.1764705882352941,0.4285714285714285,10,0.35693277310924365,0.08902715165715276,0.38095238095238093,0,,-0.10063490271568294,0.10063490271568294,-0.09651318192481995,0,0
2076,0.01,3,3,0.5761532187461853,556,10,0.010791366906474798,6.0,10,0,1.0,0.0,10,0,1.0,0.9121212121212121,0.12159031907720533,1.0,0.6666666666666666,1.0,10,0.9121212121212121,0.12159031907720533,1.0,0,,-0.00625115633010862,0.0069950103759765,-0.0044190883636474,0,0
2076,0.05,3,3,0.5761532187461853,556,10,0.050359712230215806,28.0,10,0,1.0,0.0,10,0,1.0,0.6561771561771563,0.07798123181021797,0.6666666666666666,0.5384615384615384,0.8181818181818182,10,0.6561771561771563,0.07798123181021797,0.6666666666666666,0,,-0.02677950263023371,0.02677950263023371,-0.02593094110488885,0,0
2076,0.1,3,3,0.5761532187461853,556,10,0.10071942446043161,56.0,10,0,1.0,0.0,10,0,1.0,0.6016899766899767,0.15042824592209392,0.6666666666666666,0.25,0.8181818181818182,10,0.6016899766899767,0.15042824592209392,0.6666666666666666,0,,-0.04300597906112667,0.04300597906112667,-0.0459344387054443,0,0
2076,0.2,3,3,0.5761532187461853,556,10,0.1996402877697841,111.0,10,0,1.0,0.0,10,0,1.0,0.3500646412411118,0.10800406779293746,0.3333333333333333,0.1764705882352941,0.5384615384615384,10,0.3500646412411118,0.10800406779293746,0.3333333333333333,0,,-0.09267982244491572,0.09267982244491572,-0.0924325287342071,0,0
2085,0.01,1,1,0.5924303531646729,1597,10,0.0100187852222917,16.0,10,0,1.0,0.0,10,0,1.0,0.8575757575757577,0.10883809088526042,0.8181818181818182,0.6666666666666666,1.0,10,0.8575757575757577,0.10883809088526042,0.8181818181818182,0,,-0.009488844871520949,0.00960317850112909,-0.006009876728057801,0,0
2085,0.05,1,1,0.5924303531646729,1597,10,0.050093926111458895,80.0,10,0,1.0,0.0,10,0,1.0,0.629070929070929,0.17720731954334393,0.6025641025641025,0.4285714285714285,1.0,10,0.629070929070929,0.17720731954334393,0.6025641025641025,0,,-0.03675633370876309,0.03893582522869105,-0.036709338426589896,0,0
2085,0.1,1,1,0.5924303531646729,1597,10,0.1001878522229179,160.0,10,0,1.0,0.0,10,0,1.0,0.5787545787545787,0.08272226952847044,0.5384615384615384,0.4285714285714285,0.6666666666666666,10,0.5787545787545787,0.08272226952847044,0.5384615384615384,0,,-0.04663968384265895,0.04663968384265895,-0.040988475084304754,0,0
2085,0.2,1,1,0.5924303531646729,1597,10,0.1997495303694427,319.0,10,0,1.0,0.0,10,0,1.0,0.32121848739495795,0.08893346049819838,0.3333333333333333,0.1764705882352941,0.4285714285714285,10,0.32121848739495795,0.08893346049819838,0.3333333333333333,0,,-0.10451065003871915,0.10451065003871915,-0.08624225854873654,0,0
2096,0.01,1,1,0.4223370552062988,413,10,0.009685230024213,4.0,10,0,1.0,0.0,10,0,1.0,0.9636363636363636,0.0766612766101425,1.0,0.8181818181818182,1.0,10,0.9636363636363636,0.0766612766101425,1.0,0,,-0.0008506059646606358,0.003036290407180724,0.0005827397108077708,0,0
2096,0.05,1,1,0.4223370552062988,413,10,0.0508474576271186,21.0,10,0,1.0,0.0,10,0,1.0,0.8242424242424242,0.11138625254214321,0.8181818181818182,0.6666666666666666,1.0,10,0.8242424242424242,0.11138625254214321,0.8181818181818182,0,,-0.01556207239627835,0.018552288413047752,-0.01930549740791315,0,0
2096,0.1,1,1,0.4223370552062988,413,10,0.09927360774818399,41.0,10,0,1.0,0.0,10,0,1.0,0.734965034965035,0.1449769768464173,0.7424242424242424,0.5384615384615384,1.0,10,0.734965034965035,0.1449769768464173,0.7424242424242424,0,,-0.015174964070320101,0.0173188596963882,-0.014698714017867948,0,0
2096,0.2,1,1,0.4223370552062988,413,10,0.20096852300242132,83.0,10,0,1.0,0.0,10,0,1.0,0.5591991341991343,0.18425979329364056,0.6666666666666666,0.25,0.8181818181818182,10,0.5591991341991343,0.18425979329364056,0.6666666666666666,0,,-0.06835822165012355,0.06835822165012355,-0.07045610249042505,0,0
2112,0.01,6,6,0.5146459937095642,606,10,0.0099009900990099,6.0,10,0,1.0,0.0,10,0,1.0,0.8939393939393939,0.12057915541730627,0.9090909090909092,0.6666666666666666,1.0,10,0.8939393939393939,0.12057915541730627,0.9090909090909092,0,,-0.00201443433761595,0.0037565112113952096,-0.0014035701751708499,0,0
2112,0.05,6,6,0.5146459937095642,606,10,0.0495049504950495,30.0,10,0,1.0,0.0,10,0,1.0,0.6754911754911755,0.20095326249873885,0.6666666666666666,0.3333333333333333,1.0,10,0.6754911754911755,0.20095326249873885,0.6666666666666666,0,,-0.020955511927604642,0.023425230383872942,-0.02893330156803125,0,0
2112,0.1,6,6,0.5146459937095642,606,10,0.1006600660066006,61.0,10,0,1.0,0.0,10,0,1.0,0.5254079254079254,0.13362244814214205,0.5384615384615384,0.3333333333333333,0.8181818181818182,10,0.5254079254079254,0.13362244814214205,0.5384615384615384,0,,-0.03918005526065821,0.03918005526065821,-0.040489375591278,0,0
2112,0.2,6,6,0.5146459937095642,606,10,0.19966996699669962,121.0,10,0,1.0,0.0,10,0,1.0,0.38122710622710615,0.13712301036041466,0.3333333333333333,0.25,0.6666666666666666,10,0.38122710622710615,0.13712301036041466,0.3333333333333333,0,,-0.09812198579311368,0.09812198579311368,-0.10251523554325101,0,0
2122,0.01,4,4,0.6971177458763123,696,10,0.0100574712643678,7.0,10,0,1.0,0.0,10,0,1.0,0.8606060606060606,0.13339453752904387,0.8181818181818182,0.6666666666666666,1.0,10,0.8606060606060606,0.13339453752904387,0.8181818181818182,0,,-0.0037717998027801103,0.00388005375862117,-0.00391715764999385,0,0
2122,0.05,4,4,0.6971177458763123,696,10,0.05028735632183899,35.0,10,0,1.0,0.0,10,0,1.0,0.7575757575757576,0.07824208780217008,0.8181818181818182,0.6666666666666666,0.8181818181818182,10,0.7575757575757576,0.07824208780217008,0.8181818181818182,0,,-0.02017662525176996,0.02017662525176996,-0.018042057752609197,0,0
2122,0.1,4,4,0.6971177458763123,696,10,0.1005747126436781,70.0,10,0,1.0,0.0,10,0,1.0,0.5862137862137862,0.13957885052145813,0.6025641025641025,0.3333333333333333,0.8181818181818182,10,0.5862137862137862,0.13957885052145813,0.6025641025641025,0,,-0.04592295885086054,0.04592295885086054,-0.044212996959686196,0,0
2122,0.2,4,4,0.6971177458763123,696,10,0.1997126436781609,139.0,10,0,1.0,0.0,10,0,1.0,0.4009950833480245,0.1919879124006304,0.3333333333333333,0.1764705882352941,0.8181818181818182,10,0.4009950833480245,0.1919879124006304,0.3333333333333333,0,,-0.09424900412559505,0.09424900412559505,-0.0959793329238891,0,0
2134,0.01,6,6,0.4497555196285248,259,10,0.011583011583011501,3.0,10,0,1.0,0.0,10,0,1.0,0.8659673659673659,0.16453805586555525,0.9090909090909092,0.5384615384615384,1.0,10,0.8659673659673659,0.16453805586555525,0.9090909090909092,0,,-0.005738160014152519,0.0072261899709700995,-0.0026548355817793997,0,0
2134,0.05,6,6,0.4497555196285248,259,10,0.05019305019305011,13.0,10,0,1.0,0.0,10,0,1.0,0.6276703688468394,0.21303695553615423,0.6666666666666666,0.1764705882352941,1.0,10,0.6276703688468394,0.21303695553615423,0.6666666666666666,0,,-0.01958595216274256,0.01958595216274256,-0.01950119435787195,0,0
2134,0.1,6,6,0.4497555196285248,259,10,0.1003861003861003,26.0,10,0,1.0,0.0,10,0,1.0,0.525030525030525,0.1734366226334394,0.5384615384615384,0.1111111111111111,0.6666666666666666,10,0.525030525030525,0.1734366226334394,0.5384615384615384,0,,-0.03556901216506954,0.03556901216506954,-0.0352362990379333,0,0
2134,0.2,6,6,0.4497555196285248,259,10,0.20077220077220073,52.0,10,0,1.0,0.0,10,0,1.0,0.3686920922215039,0.1638817053385124,0.38095238095238093,0.1764705882352941,0.6666666666666666,10,0.3686920922215039,0.1638817053385124,0.38095238095238093,0,,-0.07335664331912989,0.07335664331912989,-0.060920357704162556,0,0
2137,0.01,0,0,0.2461696565151214,266,10,0.0112781954887218,3.0,10,0,1.0,0.0,10,0,1.0,0.9272727272727274,0.09389050536260403,1.0,0.8181818181818182,1.0,10,0.9272727272727274,0.09389050536260403,1.0,0,,-0.0023046731948852604,0.005685201287269541,-0.00018540024757385005,0,0
2137,0.05,0,0,0.2461696565151214,266,10,0.0488721804511278,13.0,10,0,1.0,0.0,10,0,1.0,0.753146853146853,0.1663923171630191,0.7424242424242424,0.5384615384615384,1.0,10,0.753146853146853,0.1663923171630191,0.7424242424242424,0,,-0.01116635650396346,0.01640433818101878,-0.0096838474273681,0,0
2137,0.1,0,0,0.2461696565151214,266,10,0.10150375939849618,27.0,10,0,1.0,0.0,10,0,1.0,0.6585081585081585,0.10250080455937588,0.6666666666666666,0.5384615384615384,0.8181818181818182,10,0.6585081585081585,0.10250080455937588,0.6666666666666666,0,,-0.013229221105575539,0.01597812175750728,-0.015275232493877352,0,0
2137,0.2,0,0,0.2461696565151214,266,10,0.19924812030075184,53.0,10,0,1.0,0.0,10,0,1.0,0.5207375957375957,0.16912010046781673,0.5384615384615384,0.25,0.8181818181818182,10,0.5207375957375957,0.16912010046781673,0.5384615384615384,0,,-0.03130102604627605,0.03279352635145183,-0.0302222222089767,0,0
2140,0.01,3,3,0.8588941693305969,268,10,0.0111940298507462,3.0,10,0,1.0,0.0,10,0,1.0,0.8393939393939395,0.0969381261738188,0.8181818181818182,0.6666666666666666,1.0,10,0.8393939393939395,0.0969381261738188,0.8181818181818182,0,,-0.0033972799777984195,0.00347722172737116,-0.0028113424777984003,0,0
2140,0.05,3,3,0.8588941693305969,268,10,0.048507462686567096,13.0,10,0,1.0,0.0,10,0,1.0,0.692973692973693,0.14810884194549698,0.7424242424242424,0.4285714285714285,0.8181818181818182,10,0.692973692973693,0.14810884194549698,0.7424242424242424,0,,-0.019433933496475174,0.019433933496475174,-0.0181591212749481,0,0
2140,0.1,3,3,0.8588941693305969,268,10,0.1007462686567164,27.0,10,0,1.0,0.0,10,0,1.0,0.5329670329670331,0.10398243109862909,0.5384615384615384,0.4285714285714285,0.6666666666666666,10,0.5329670329670331,0.10398243109862909,0.5384615384615384,0,,-0.049518042802810636,0.049518042802810636,-0.049079418182373005,0,0
2140,0.2,3,3,0.8588941693305969,268,10,0.2014925373134328,54.0,10,0,1.0,0.0,10,0,1.0,0.3361757523522229,0.1291600010011659,0.3333333333333333,0.1111111111111111,0.5384615384615384,10,0.3361757523522229,0.1291600010011659,0.3333333333333333,0,,-0.08857795000076289,0.08857795000076289,-0.07887342572212215,0,0
2145,0.01,1,1,0.800554096698761,330,10,0.009090909090909,3.0,10,0,1.0,0.0,10,0,1.0,0.8606060606060606,0.13339453752904387,0.8181818181818182,0.6666666666666666,1.0,10,0.8606060606060606,0.13339453752904387,0.8181818181818182,0,,-0.006552642583847,0.00675438046455378,-0.00644907355308525,0,0
2145,0.05,1,1,0.800554096698761,330,10,0.0515151515151515,17.0,10,0,1.0,0.0,10,0,1.0,0.7727272727272727,0.07318877144540124,0.8181818181818182,0.6666666666666666,0.8181818181818182,10,0.7727272727272727,0.07318877144540124,0.8181818181818182,0,,-0.0185363888740539,0.0185363888740539,-0.0198244154453277,0,0
2145,0.1,1,1,0.800554096698761,330,10,0.1,33.0,10,0,1.0,0.0,10,0,1.0,0.7129870129870131,0.18100381077653113,0.7424242424242424,0.4285714285714285,1.0,10,0.7129870129870131,0.18100381077653113,0.7424242424242424,0,,-0.04309599399566645,0.04309599399566645,-0.03891405463218685,0,0
2145,0.2,1,1,0.800554096698761,330,10,0.2,66.0,10,0,1.0,0.0,10,0,1.0,0.49926739926739916,0.10397956356702247,0.5384615384615384,0.3333333333333333,0.6666666666666666,10,0.49926739926739916,0.10397956356702247,0.5384615384615384,0,,-0.12154490351676936,0.12154490351676936,-0.11967515945434565,0,0
2146,0.01,3,3,0.5317122936248779,239,10,0.008368200836819998,2.0,10,0,1.0,0.0,10,0,1.0,0.8731601731601731,0.19518481529844003,1.0,0.4285714285714285,1.0,10,0.8731601731601731,0.19518481529844003,1.0,0,,-0.004734367132186879,0.006723994016647304,-0.0004045367240905607,0,0
2146,0.05,3,3,0.5317122936248779,239,10,0.0502092050209205,12.0,10,0,1.0,0.0,10,0,1.0,0.6993006993006994,0.18162216570448986,0.6666666666666666,0.3333333333333333,1.0,10,0.6993006993006994,0.18162216570448986,0.6666666666666666,0,,-0.024910750985145527,0.02564894258975977,-0.0216058790683746,0,0
2146,0.1,3,3,0.5317122936248779,239,10,0.100418410041841,24.0,10,0,1.0,0.0,10,0,1.0,0.5624042624042624,0.14454903525007107,0.5384615384615384,0.3333333333333333,0.8181818181818182,10,0.5624042624042624,0.14454903525007107,0.5384615384615384,0,,-0.04287262260913844,0.04287262260913844,-0.036253318190574604,0,0
2146,0.2,3,3,0.5317122936248779,239,10,0.200836820083682,48.0,10,0,1.0,0.0,10,0,1.0,0.3929217840982547,0.1462330126246384,0.4285714285714285,0.1764705882352941,0.6666666666666666,10,0.3929217840982547,0.1462330126246384,0.4285714285714285,0,,-0.06206609010696409,0.06206609010696409,-0.0550444424152374,0,0
2155,0.01,0,0,0.7313411831855774,1693,10,0.0100413467217956,17.0,10,0,1.0,0.0,10,0,1.0,0.8575757575757577,0.10883809088526042,0.8181818181818182,0.6666666666666666,1.0,10,0.8575757575757577,0.10883809088526042,0.8181818181818182,0,,-0.0018948435783385897,0.0028772473335265496,-0.0019049644470214501,0,0
2155,0.05,0,0,0.7313411831855774,1693,10,0.05020673360897811,85.0,10,0,1.0,0.0,10,0,1.0,0.6841491841491841,0.08116776385305434,0.6666666666666666,0.5384615384615384,0.8181818181818182,10,0.6841491841491841,0.08116776385305434,0.6666666666666666,0,,-0.02416591644287104,0.02416591644287104,-0.023873895406723,0,0
2155,0.1,0,0,0.7313411831855774,1693,10,0.099822799763733,169.0,10,0,1.0,0.0,10,0,1.0,0.6305361305361306,0.09168115298881895,0.6666666666666666,0.5384615384615384,0.8181818181818182,10,0.6305361305361306,0.09168115298881895,0.6666666666666666,0,,-0.07115866541862484,0.07115866541862484,-0.0578810572624206,0,0
2155,0.2,0,0,0.7313411831855774,1693,10,0.20023626698168934,339.0,10,0,1.0,0.0,10,0,1.0,0.41694139194139196,0.11856139553033783,0.4285714285714285,0.25,0.6666666666666666,10,0.41694139194139196,0.11856139553033783,0.4285714285714285,0,,-0.10027771592140192,0.10027771592140192,-0.09025374054908744,0,0
2157,0.01,6,6,0.8747673034667969,235,10,0.0085106382978723,2.0,10,0,1.0,0.0,10,0,1.0,0.9272727272727274,0.09389050536260403,1.0,0.8181818181818182,1.0,10,0.9272727272727274,0.09389050536260403,1.0,0,,-0.0032614707946777197,0.00399565696716304,-0.00078403949737545,0,0
2157,0.05,6,6,0.8747673034667969,235,10,0.05106382978723399,12.0,10,0,1.0,0.0,10,0,1.0,0.7372960372960373,0.1582262450289591,0.8181818181818182,0.5384615384615384,1.0,10,0.7372960372960373,0.1582262450289591,0.8181818181818182,0,,-0.016943705081939653,0.016943705081939653,-0.01336044073104855,0,0
2157,0.1,6,6,0.8747673034667969,235,10,0.10212765957446798,24.0,10,0,1.0,0.0,10,0,1.0,0.5166167166167166,0.15231595235127374,0.4285714285714285,0.3333333333333333,0.8181818181818182,10,0.5166167166167166,0.15231595235127374,0.4285714285714285,0,,-0.05791826248168941,0.05791826248168941,-0.052463173866271945,0,0
2157,0.2,6,6,0.8747673034667969,235,10,0.2,47.0,10,0,1.0,0.0,10,0,1.0,0.3079778065072182,0.11807768382670923,0.3333333333333333,0.1764705882352941,0.5384615384615384,10,0.3079778065072182,0.11807768382670923,0.3333333333333333,0,,-0.10581465959548945,0.10581465959548945,-0.11066183447837825,0,0
2200,0.01,0,0,0.2803977429866791,499,10,0.0100200400801603,5.0,10,0,1.0,0.0,10,0,1.0,0.8787878787878789,0.139232815677679,0.9090909090909092,0.6666666666666666,1.0,10,0.8787878787878789,0.139232815677679,0.9090909090909092,0,,-0.002002540230750986,0.0020482927560805664,-0.00058639049530025,0,0
2200,0.05,0,0,0.2803977429866791,499,10,0.0501002004008016,25.0,10,0,1.0,0.0,10,0,1.0,0.7424242424242424,0.07985549646889852,0.7424242424242424,0.6666666666666666,0.8181818181818182,10,0.7424242424242424,0.07985549646889852,0.7424242424242424,0,,-0.013950282335281339,0.014433008432388258,-0.013312116265296901,0,0
2200,0.1,0,0,0.2803977429866791,499,10,0.1002004008016032,50.0,10,0,1.0,0.0,10,0,1.0,0.5234432234432235,0.11802036365178065,0.5384615384615384,0.3333333333333333,0.6666666666666666,10,0.5234432234432235,0.11802036365178065,0.5384615384615384,0,,-0.025680856406688664,0.0257715746760368,-0.0247760117053985,0,0
2200,0.2,0,0,0.2803977429866791,499,10,0.2004008016032064,100.0,10,0,1.0,0.0,10,0,1.0,0.35938403701561594,0.15393965514730146,0.4285714285714285,0.0526315789473684,0.5384615384615384,10,0.35938403701561594,0.15393965514730146,0.4285714285714285,0,,-0.041194827854633284,0.041194827854633284,-0.04270663112401955,0,0
2202,0.01,0,0,0.6122427582740784,352,10,0.0113636363636363,4.0,10,0,1.0,0.0,10,0,1.0,0.7909090909090909,0.10246428002356171,0.8181818181818182,0.6666666666666666,1.0,10,0.7909090909090909,0.10246428002356171,0.8181818181818182,0,,-0.00741932988166806,0.00897856354713436,-0.008581697940826399,0,0
2202,0.05,0,0,0.6122427582740784,352,10,0.051136363636363605,18.0,10,0,1.0,0.0,10,0,1.0,0.7424242424242424,0.07985549646889852,0.7424242424242424,0.6666666666666666,0.8181818181818182,10,0.7424242424242424,0.07985549646889852,0.7424242424242424,0,,-0.02706553936004636,0.02706553936004636,-0.02340653538703915,0,0
2202,0.1,0,0,0.6122427582740784,352,10,0.0994318181818181,35.0,10,0,1.0,0.0,10,0,1.0,0.5540709290709291,0.1607200120651594,0.5384615384615384,0.25,0.8181818181818182,10,0.5540709290709291,0.1607200120651594,0.5384615384615384,0,,-0.04400390982627863,0.04400390982627863,-0.046979695558547946,0,0
2202,0.2,0,0,0.6122427582740784,352,10,0.1988636363636363,70.0,10,0,1.0,0.0,10,0,1.0,0.4136446886446886,0.08941286355759216,0.4285714285714285,0.25,0.5384615384615384,10,0.4136446886446886,0.08941286355759216,0.4285714285714285,0,,-0.12092223465442653,0.12092223465442653,-0.11435836553573606,0,0
2207,0.01,3,3,0.5075956583023071,235,10,0.0085106382978723,2.0,10,0,1.0,0.0,10,0,1.0,0.8939393939393939,0.12057915541730627,0.9090909090909092,0.6666666666666666,1.0,10,0.8939393939393939,0.12057915541730627,0.9090909090909092,0,,-0.01905818879604339,0.02031835019588465,-0.00079536437988275,0,0
2207,0.05,3,3,0.5075956583023071,235,10,0.05106382978723399,12.0,10,0,1.0,0.0,10,0,1.0,0.6424825174825176,0.15990018329810607,0.6666666666666666,0.25,0.8181818181818182,10,0.6424825174825176,0.15990018329810607,0.6666666666666666,0,,-0.048609247803688006,0.04906198084354395,-0.0404298603534698,0,0
2207,0.1,3,3,0.5075956583023071,235,10,0.10212765957446798,24.0,10,0,1.0,0.0,10,0,1.0,0.5775557775557775,0.16340326302625063,0.5384615384615384,0.3333333333333333,0.8181818181818182,10,0.5775557775557775,0.16340326302625063,0.5384615384615384,0,,-0.048092171549797016,0.048155173659324604,-0.0353509187698364,0,0
2207,0.2,3,3,0.5075956583023071,235,10,0.2,47.0,10,0,1.0,0.0,10,0,1.0,0.3945970695970696,0.09473825700698717,0.38095238095238093,0.25,0.5384615384615384,10,0.3945970695970696,0.09473825700698717,0.38095238095238093,0,,-0.09570388197898863,0.09570388197898863,-0.086218848824501,0,0
2209,0.01,6,6,0.7937487363815308,104,10,0.009615384615384599,1.0,10,0,1.0,0.0,10,0,1.0,0.915151515151515,0.14270693343393426,1.0,0.6666666666666666,1.0,10,0.915151515151515,0.14270693343393426,1.0,0,,-8.141994476315584e-05,0.002151870727539016,-0.0004506111145019,0,0
2209,0.05,6,6,0.7937487363815308,104,10,0.048076923076923,5.0,10,0,1.0,0.0,10,0,1.0,0.8272727272727274,0.13630750808944805,0.8181818181818182,0.6666666666666666,1.0,10,0.8272727272727274,0.13630750808944805,0.8181818181818182,0,,-0.018669325113296463,0.019386512041091864,-0.00789585709571835,0,0
2209,0.1,6,6,0.7937487363815308,104,10,0.09615384615384612,10.0,10,0,1.0,0.0,10,0,1.0,0.6374605786370492,0.19249989112312174,0.6666666666666666,0.1764705882352941,0.8181818181818182,10,0.6374605786370492,0.19249989112312174,0.6666666666666666,0,,-0.04440028667449945,0.04440028667449945,-0.03950798511505125,0,0
2209,0.2,6,6,0.7937487363815308,104,10,0.20192307692307693,21.0,10,0,1.0,0.0,10,0,1.0,0.4878010878010877,0.20931445282310657,0.5384615384615384,0.1111111111111111,0.8181818181818182,10,0.4878010878010877,0.20931445282310657,0.5384615384615384,0,,-0.14100084304809565,0.14100084304809565,-0.12281239032745354,0,0
2218,0.01,1,1,0.5999043583869934,56,10,0.0178571428571428,1.0,10,0,1.0,0.0,10,0,1.0,0.9818181818181818,0.05749595745760688,1.0,0.8181818181818182,1.0,10,0.9818181818181818,0.05749595745760688,1.0,0,,0.004745638370513901,0.00694342851638788,0.0043720602989196,0,0
2218,0.05,1,1,0.5999043583869934,56,10,0.053571428571428506,3.0,10,0,1.0,0.0,10,0,1.0,0.8939393939393939,0.12057915541730627,0.9090909090909092,0.6666666666666666,1.0,10,0.8939393939393939,0.12057915541730627,0.9090909090909092,0,,-0.03635385036468503,0.046291267871856626,-0.01648333668708795,0,0
2218,0.1,1,1,0.5999043583869934,56,10,0.1071428571428571,6.0,10,0,1.0,0.0,10,0,1.0,0.7606060606060606,0.11288754400766476,0.7424242424242424,0.6666666666666666,1.0,10,0.7606060606060606,0.11288754400766476,0.7424242424242424,0,,-0.061628156900405885,0.07059952616691587,-0.04856684803962705,0,0
2218,0.2,1,1,0.5999043583869934,56,10,0.1964285714285714,11.0,10,0,1.0,0.0,10,0,1.0,0.6365301365301366,0.13607465985666695,0.6666666666666666,0.4285714285714285,0.8181818181818182,10,0.6365301365301366,0.13607465985666695,0.6666666666666666,0,,-0.14099741876125332,0.14257510602474208,-0.1587635576725006,0,0
2236,0.01,4,4,0.6287076473236084,180,10,0.0111111111111111,2.0,10,0,1.0,0.0,10,0,1.0,0.8265734265734267,0.12633946618893668,0.8181818181818182,0.5384615384615384,1.0,10,0.8265734265734267,0.12633946618893668,0.8181818181818182,0,,-0.0033517658710479686,0.004204815626144371,-0.000665545463562,0,0
2236,0.05,4,4,0.6287076473236084,180,10,0.05,9.0,10,0,1.0,0.0,10,0,1.0,0.778088578088578,0.12522880809499495,0.8181818181818182,0.5384615384615384,1.0,10,0.778088578088578,0.12522880809499495,0.8181818181818182,0,,-0.02941348552703854,0.02994600534439082,-0.03540769219398495,0,0
2236,0.1,4,4,0.6287076473236084,180,10,0.1,18.0,10,0,1.0,0.0,10,0,1.0,0.5404825566590273,0.24676559493007674,0.5476190476190476,0.1764705882352941,0.8181818181818182,10,0.5404825566590273,0.24676559493007674,0.5476190476190476,0,,-0.061966285109519924,0.06286714971065517,-0.06289726495742795,0,0
2236,0.2,4,4,0.6287076473236084,180,10,0.2,36.0,10,0,1.0,0.0,10,0,1.0,0.36959706959706956,0.11831842043668953,0.38095238095238093,0.25,0.5384615384615384,10,0.36959706959706956,0.11831842043668953,0.38095238095238093,0,,-0.08360295593738551,0.08360295593738551,-0.08281305432319636,0,0
2237,0.01,4,4,0.6154775619506836,288,10,0.0104166666666666,3.0,10,0,1.0,0.0,10,0,1.0,0.8454545454545455,0.14669087370147926,0.8181818181818182,0.6666666666666666,1.0,10,0.8454545454545455,0.14669087370147926,0.8181818181818182,0,,-0.001477038860321038,0.004153180122375438,-0.0004945993423461908,0,0
2237,0.05,4,4,0.6154775619506836,288,10,0.0486111111111111,14.0,10,0,1.0,0.0,10,0,1.0,0.6108891108891108,0.14043214039119534,0.6025641025641025,0.4285714285714285,0.8181818181818182,10,0.6108891108891108,0.14043214039119534,0.6025641025641025,0,,-0.028920990228652903,0.028920990228652903,-0.026693642139434752,0,0
2237,0.1,4,4,0.6154775619506836,288,10,0.10069444444444439,29.0,10,0,1.0,0.0,10,0,1.0,0.5344322344322344,0.11322375331229666,0.5384615384615384,0.3333333333333333,0.6666666666666666,10,0.5344322344322344,0.11322375331229666,0.5384615384615384,0,,-0.04757845997810358,0.04757845997810358,-0.0470839142799377,0,0
2237,0.2,4,4,0.6154775619506836,288,10,0.2013888888888889,58.0,10,0,1.0,0.0,10,0,1.0,0.3943869855634561,0.15442588547431044,0.38095238095238093,0.1764705882352941,0.6666666666666666,10,0.3943869855634561,0.15442588547431044,0.38095238095238093,0,,-0.10272769033908842,0.10272769033908842,-0.10581806302070615,0,0
2238,0.01,4,4,0.870302140712738,681,10,0.010279001468428698,7.0,10,0,1.0,0.0,10,0,1.0,0.8575757575757577,0.10883809088526043,0.8181818181818182,0.6666666666666666,1.0,10,0.8575757575757577,0.10883809088526043,0.8181818181818182,0,,-0.0015868484973907099,0.0018618762493133102,-0.00178843736648555,0,0
2238,0.05,4,4,0.870302140712738,681,10,0.0499265785609397,34.0,10,0,1.0,0.0,10,0,1.0,0.7016317016317017,0.11179094459936412,0.6666666666666666,0.5384615384615384,0.8181818181818182,10,0.7016317016317017,0.11179094459936412,0.6666666666666666,0,,-0.01840095520019529,0.01896992921829221,-0.0108014345169067,0,0
2238,0.1,4,4,0.870302140712738,681,10,0.0998531571218795,68.0,10,0,1.0,0.0,10,0,1.0,0.6118548118548118,0.1402974836522315,0.6666666666666666,0.3333333333333333,0.8181818181818182,10,0.6118548118548118,0.1402974836522315,0.6666666666666666,0,,-0.044585061073303164,0.044585061073303164,-0.030463576316833448,0,0
2238,0.2,4,4,0.870302140712738,681,10,0.19970631424375912,136.0,10,0,1.0,0.0,10,0,1.0,0.42857142857142855,0.13280317881493262,0.38095238095238093,0.3333333333333333,0.6666666666666666,10,0.42857142857142855,0.13280317881493262,0.38095238095238093,0,,-0.08515224456787104,0.08515224456787104,-0.0794320404529571,0,0
2261,0.01,4,4,0.245499238371849,220,10,0.009090909090909,2.0,8,2,0.8,0.19999999999999996,10,0,1.0,0.9303030303030303,0.11955944023373982,1.0,0.6666666666666666,1.0,8,0.9128787878787878,0.12901050277216972,1.0,2,1.0,-0.00284819602966308,0.004188895225524859,-0.00111431628465645,0,0
2261,0.05,4,4,0.245499238371849,220,10,0.05,11.0,9,1,0.9,0.09999999999999998,10,0,1.0,0.719047619047619,0.2158379990273656,0.6666666666666666,0.4285714285714285,1.0,9,0.7248677248677249,0.22809695020952248,0.6666666666666666,1,0.6666666666666666,-0.00695413947105406,0.00888717472553248,-0.002378091216087301,0,0
2261,0.1,4,4,0.245499238371849,220,10,0.1,22.0,10,0,1.0,0.0,10,0,1.0,0.5317266067266068,0.16600750571740003,0.5384615384615384,0.25,0.8181818181818182,10,0.5317266067266068,0.16600750571740003,0.5384615384615384,0,,-0.005892594158649419,0.01066268831491466,-0.0038591772317885503,0,0
2261,0.2,4,4,0.245499238371849,220,10,0.2,44.0,8,2,0.8,0.19999999999999996,10,0,1.0,0.39313186813186807,0.08070168060066803,0.4285714285714285,0.25,0.5384615384615384,8,0.384271978021978,0.0890224250685322,0.38095238095238093,2,0.4285714285714285,-0.016528277099132526,0.02619910985231395,-0.0192470103502273,0,0
2266,0.01,0,0,0.4620420336723327,227,10,0.0088105726872246,2.0,10,0,1.0,0.0,10,0,1.0,0.9121212121212121,0.12159031907720533,1.0,0.6666666666666666,1.0,10,0.9121212121212121,0.12159031907720533,1.0,0,,-0.00544195175170898,0.006540095806121779,-0.00177411735057825,0,0
2266,0.05,0,0,0.4620420336723327,227,10,0.0484581497797356,11.0,10,0,1.0,0.0,10,0,1.0,0.8004329004329005,0.16252130065446785,0.8181818181818182,0.4285714285714285,1.0,10,0.8004329004329005,0.16252130065446785,0.8181818181818182,0,,-0.01846466660499569,0.019526153802871652,-0.0116064846515655,0,0
2266,0.1,0,0,0.4620420336723327,227,10,0.10132158590308368,23.0,10,0,1.0,0.0,10,0,1.0,0.5934065934065934,0.1014239787902085,0.6666666666666666,0.4285714285714285,0.6666666666666666,10,0.5934065934065934,0.1014239787902085,0.6666666666666666,0,,-0.045974713563919016,0.045974713563919016,-0.04464089870452875,0,0
2266,0.2,0,0,0.4620420336723327,227,10,0.198237885462555,45.0,10,0,1.0,0.0,10,0,1.0,0.3988095238095238,0.12626906806902632,0.4285714285714285,0.25,0.6666666666666666,10,0.3988095238095238,0.12626906806902632,0.4285714285714285,0,,-0.08959735631942747,0.08959735631942747,-0.09992809593677521,0,0
2290,0.01,4,4,0.2104893773794174,293,10,0.0102389078498293,3.0,10,0,1.0,0.0,10,0,1.0,0.8393939393939395,0.0969381261738188,0.8181818181818182,0.6666666666666666,1.0,10,0.8393939393939395,0.0969381261738188,0.8181818181818182,0,,0.00023483633995057988,0.0044784843921660804,-0.0010965764522552,0,0
2290,0.05,4,4,0.2104893773794174,293,10,0.0511945392491467,15.0,10,0,1.0,0.0,10,0,1.0,0.675990675990676,0.1319529430635822,0.6666666666666666,0.5384615384615384,0.8181818181818182,10,0.675990675990676,0.1319529430635822,0.6666666666666666,0,,-0.006440958380699141,0.0084695845842361,-0.0057347640395164,0,0
2290,0.1,4,4,0.2104893773794174,293,10,0.098976109215017,29.0,10,0,1.0,0.0,10,0,1.0,0.5683566433566434,0.1700784528853893,0.6025641025641025,0.25,0.8181818181818182,10,0.5683566433566434,0.1700784528853893,0.6025641025641025,0,,-0.00393359065055845,0.01151759028434747,-0.00334576517343515,0,0
2290,0.2,4,4,0.2104893773794174,293,10,0.20136518771331052,59.0,10,0,1.0,0.0,10,0,1.0,0.4693869855634561,0.1770353029367988,0.48351648351648346,0.1764705882352941,0.6666666666666666,10,0.4693869855634561,0.1770353029367988,0.48351648351648346,0,,-0.00842688679695127,0.022960177063941913,-0.0151426717638969,0,0
2298,0.01,4,4,0.3233670592308044,68,10,0.0147058823529411,1.0,9,1,0.9,0.09999999999999998,10,0,1.0,0.9090909090909092,0.09582659576267813,0.9090909090909092,0.8181818181818182,1.0,9,0.9191919191919192,0.09582659576267813,1.0,1,0.8181818181818182,-0.017591594159603118,0.02099165171384808,-0.00010827183723445293,0,0
2298,0.05,4,4,0.3233670592308044,68,10,0.0441176470588235,3.0,9,1,0.9,0.09999999999999998,9,1,0.9,0.8821548821548822,0.12163226847264945,0.8181818181818182,0.6666666666666666,1.0,8,0.9090909090909092,0.09718590614997247,0.9090909090909092,1,0.6666666666666666,-0.0143275618553162,0.021577471494674618,0.0035641342401503996,0,1
2298,0.1,4,4,0.3233670592308044,68,10,0.1029411764705882,7.0,10,0,1.0,0.0,10,0,1.0,0.7454545454545455,0.11445830686234584,0.6666666666666666,0.6666666666666666,1.0,10,0.7454545454545455,0.11445830686234584,0.6666666666666666,0,,0.00488515496253967,0.013819921016693071,0.0046155750751495,0,0
2298,0.2,4,4,0.3233670592308044,68,10,0.2058823529411764,14.0,8,2,0.8,0.19999999999999996,9,1,0.9,0.4550673498041919,0.26803454634628815,0.5384615384615384,0.0526315789473684,0.8181818181818182,7,0.5700489986204272,0.1624220777268965,0.5384615384615384,2,0.0526315789473684,-0.0347471944987774,0.06039674803614612,0.0064151138067245,1,0
2304,0.01,3,3,0.3235635757446289,887,10,0.0101465614430665,9.0,10,0,1.0,0.0,10,0,1.0,0.915151515151515,0.14270693343393426,1.0,0.6666666666666666,1.0,10,0.915151515151515,0.14270693343393426,1.0,0,,-0.0018337160348891996,0.00268646776676172,-0.0007649511098861,0,0
2304,0.05,3,3,0.3235635757446289,887,10,0.0496054114994363,44.0,10,0,1.0,0.0,10,0,1.0,0.753146853146853,0.1663923171630191,0.7424242424242424,0.5384615384615384,1.0,10,0.753146853146853,0.1663923171630191,0.7424242424242424,0,,-0.00734035372734068,0.015152823925018261,-0.00798755884170525,0,0
2304,0.1,3,3,0.3235635757446289,887,10,0.1003382187147688,89.0,10,0,1.0,0.0,10,0,1.0,0.5957375957375958,0.12262674151513787,0.6025641025641025,0.4285714285714285,0.8181818181818182,10,0.5957375957375958,0.12262674151513787,0.6025641025641025,0,,-0.014974144101142842,0.01662693917751306,-0.0158665776252746,0,0
2304,0.2,3,3,0.3235635757446289,887,10,0.19954904171364146,177.0,10,0,1.0,0.0,10,0,1.0,0.40173992673992676,0.14431661753738761,0.38095238095238093,0.25,0.6666666666666666,10,0.40173992673992676,0.14431661753738761,0.38095238095238093,0,,-0.04768500924110407,0.04768500924110407,-0.05065219104290005,0,0
2311,0.01,0,0,0.483380913734436,167,10,0.0119760479041916,2.0,10,0,1.0,0.0,10,0,1.0,0.9023310023310025,0.17055282100452168,1.0,0.5384615384615384,1.0,10,0.9023310023310025,0.17055282100452168,1.0,0,,-0.00503694415092467,0.00740284323692315,-0.002162218093872,0,0
2311,0.05,0,0,0.483380913734436,167,10,0.0479041916167664,8.0,10,0,1.0,0.0,10,0,1.0,0.6066227889757301,0.30851829471131315,0.6025641025641025,0.1764705882352941,1.0,10,0.6066227889757301,0.30851829471131315,0.6025641025641025,0,,-0.02490397989749903,0.02490397989749903,-0.02346585690975185,0,0
2311,0.1,0,0,0.483380913734436,167,10,0.1017964071856287,17.0,10,0,1.0,0.0,10,0,1.0,0.615051615051615,0.16504899100664516,0.6025641025641025,0.4285714285714285,0.8181818181818182,10,0.615051615051615,0.16504899100664516,0.6025641025641025,0,,-0.05572327077388759,0.05572327077388759,-0.05861723423004145,0,0
2311,0.2,0,0,0.483380913734436,167,10,0.1976047904191616,33.0,10,0,1.0,0.0,10,0,1.0,0.47105394605394607,0.19908662106274747,0.4285714285714285,0.25,0.8181818181818182,10,0.47105394605394607,0.19908662106274747,0.4285714285714285,0,,-0.08455349206924434,0.08455349206924434,-0.0781968533992767,0,0
2334,0.01,2,2,0.5102955102920532,319,10,0.009404388714733498,3.0,10,0,1.0,0.0,10,0,1.0,0.9666666666666666,0.10540925533894599,1.0,0.6666666666666666,1.0,10,0.9666666666666666,0.10540925533894599,1.0,0,,-0.0011117398738860998,0.00238353610038752,-0.0009015202522276999,0,0
2334,0.05,2,2,0.5102955102920532,319,10,0.050156739811912196,16.0,10,0,1.0,0.0,10,0,1.0,0.6713286713286714,0.09343414151084643,0.6666666666666666,0.5384615384615384,0.8181818181818182,10,0.6713286713286714,0.09343414151084643,0.6666666666666666,0,,-0.015279385447502122,0.017143270373344382,-0.01640050113201135,0,0
2334,0.1,2,2,0.5102955102920532,319,10,0.10031347962382439,32.0,10,0,1.0,0.0,10,0,1.0,0.5582417582417583,0.1135229127325869,0.5384615384615384,0.3333333333333333,0.6666666666666666,10,0.5582417582417583,0.1135229127325869,0.5384615384615384,0,,-0.015140360593795749,0.02332803606986995,-0.019146338105201652,0,0
2334,0.2,2,2,0.5102955102920532,319,10,0.2006269592476489,64.0,10,0,1.0,0.0,10,0,1.0,0.4659340659340659,0.0975854242057722,0.5384615384615384,0.3333333333333333,0.5384615384615384,10,0.4659340659340659,0.0975854242057722,0.5384615384615384,0,,-0.04625313878059384,0.04734191298484798,-0.0468492209911346,0,0
2337,0.01,4,4,0.3608464300632477,93,10,0.010752688172043,1.0,10,0,1.0,0.0,10,0,1.0,0.8993006993006993,0.15303877997459642,1.0,0.5384615384615384,1.0,10,0.8993006993006993,0.15303877997459642,1.0,0,,0.00432379245758055,0.0056732773780822105,0.0016300976276396998,0,0
2337,0.05,4,4,0.3608464300632477,93,10,0.05376344086021499,5.0,6,4,0.6,0.4,10,0,1.0,0.8121212121212121,0.1455386961965889,0.8181818181818182,0.6666666666666666,1.0,6,0.8282828282828283,0.1492763895103933,0.8181818181818182,4,0.7878787878787878,-0.00939198136329652,0.01581804752349848,0.0042652934789657,0,0
2337,0.1,4,4,0.3608464300632477,93,10,0.0967741935483871,9.0,9,1,0.9,0.09999999999999998,10,0,1.0,0.7088245088245089,0.1617043582435947,0.6666666666666666,0.4285714285714285,1.0,9,0.7135087135087135,0.17079224794236053,0.6666666666666666,1,0.6666666666666666,0.006849986314773548,0.043863832950591986,-0.0012907534837723,0,0
2337,0.2,4,4,0.3608464300632477,93,10,0.2043010752688172,19.0,6,4,0.6,0.4,10,0,1.0,0.5079170829170829,0.1615169975072628,0.5384615384615384,0.25,0.8181818181818182,6,0.5073260073260072,0.11381866621457398,0.5384615384615384,4,0.5088036963036963,-0.02055808603763579,0.05497505962848659,-0.024518072605133,0,0
2363,0.01,5,5,0.8800440430641174,105,10,0.0095238095238095,1.0,10,0,1.0,0.0,10,0,1.0,1.0,0.0,1.0,1.0,1.0,10,1.0,0.0,1.0,0,,-0.0006259799003600599,0.00113319158554072,-0.00065293908119195,0,0
2363,0.05,5,5,0.8800440430641174,105,10,0.0476190476190476,5.0,10,0,1.0,0.0,10,0,1.0,0.7841491841491842,0.16920144186686836,0.7424242424242424,0.5384615384615384,1.0,10,0.7841491841491842,0.16920144186686836,0.7424242424242424,0,,-0.059299880266189556,0.060382729768752995,-0.008777320384979151,0,0
2363,0.1,5,5,0.8800440430641174,105,10,0.1047619047619047,11.0,10,0,1.0,0.0,10,0,1.0,0.7622377622377623,0.11794042555406546,0.8181818181818182,0.5384615384615384,0.8181818181818182,10,0.7622377622377623,0.11794042555406546,0.8181818181818182,0,,-0.02674982547760004,0.02674982547760004,-0.01766774058341975,0,0
2363,0.2,5,5,0.8800440430641174,105,10,0.2,21.0,10,0,1.0,0.0,10,0,1.0,0.6237096237096237,0.13892939913040936,0.6666666666666666,0.4285714285714285,0.8181818181818182,10,0.6237096237096237,0.13892939913040936,0.6666666666666666,0,,-0.07320104837417599,0.07320104837417599,-0.051309645175933796,0,0
2374,0.01,5,5,0.6476162075996399,107,10,0.0093457943925233,1.0,10,0,1.0,0.0,10,0,1.0,0.9272727272727274,0.09389050536260403,1.0,0.8181818181818182,1.0,10,0.9272727272727274,0.09389050536260403,1.0,0,,-0.003732711076736435,0.004097491502761806,-0.0038858652114868,0,0
2374,0.05,5,5,0.6476162075996399,107,10,0.04672897196261681,5.0,10,0,1.0,0.0,10,0,1.0,0.8090909090909092,0.12209276055266118,0.8181818181818182,0.6666666666666666,1.0,10,0.8090909090909092,0.12209276055266118,0.8181818181818182,0,,-0.03793866634368892,0.03793866634368892,-0.0199719369411468,0,0
2374,0.1,5,5,0.6476162075996399,107,10,0.10280373831775699,11.0,10,0,1.0,0.0,10,0,1.0,0.7144522144522145,0.0974276561700367,0.6666666666666666,0.5384615384615384,0.8181818181818182,10,0.7144522144522145,0.0974276561700367,0.6666666666666666,0,,-0.055674302577972345,0.055674302577972345,-0.0402576029300689,0,0
2374,0.2,5,5,0.6476162075996399,107,10,0.1962616822429906,21.0,10,0,1.0,0.0,10,0,1.0,0.5377289377289377,0.1341524215559541,0.5384615384615384,0.3333333333333333,0.6666666666666666,10,0.5377289377289377,0.1341524215559541,0.5384615384615384,0,,-0.10478812158107756,0.10478812158107756,-0.07970523834228516,0,0
2382,0.01,4,4,0.2827281355857849,354,10,0.0112994350282485,4.0,10,0,1.0,0.0,10,0,1.0,0.8787878787878789,0.139232815677679,0.9090909090909092,0.6666666666666666,1.0,10,0.8787878787878789,0.139232815677679,0.9090909090909092,0,,-0.000841972231864912,0.005159804224967912,-0.00149218738079065,0,0
2382,0.05,4,4,0.2827281355857849,354,10,0.0508474576271186,18.0,10,0,1.0,0.0,10,0,1.0,0.679020979020979,0.1567888610851209,0.6666666666666666,0.5384615384615384,1.0,10,0.679020979020979,0.1567888610851209,0.6666666666666666,0,,-0.0012357443571090706,0.009987285733222908,-0.0008862316608429001,0,0
2382,0.1,4,4,0.2827281355857849,354,10,0.09887005649717509,35.0,10,0,1.0,0.0,10,0,1.0,0.6638694638694639,0.14897275232115328,0.6666666666666666,0.5384615384615384,1.0,10,0.6638694638694639,0.14897275232115328,0.6666666666666666,0,,-0.013176962733268701,0.01476420462131496,-0.009989321231842,0,0
2382,0.2,4,4,0.2827281355857849,354,10,0.2005649717514124,71.0,7,3,0.7,0.30000000000000004,10,0,1.0,0.4772893772893772,0.10509196591905377,0.48351648351648346,0.3333333333333333,0.6666666666666666,7,0.4803767660910517,0.10887665706574795,0.4285714285714285,3,0.47008547008547,-0.04001716971397396,0.04001716971397396,-0.030049011111259398,0,0
2383,0.01,4,4,0.5743151307106018,470,10,0.0106382978723404,5.0,10,0,1.0,0.0,10,0,1.0,0.8454545454545455,0.14669087370147926,0.8181818181818182,0.6666666666666666,1.0,10,0.8454545454545455,0.14669087370147926,0.8181818181818182,0,,-0.00548242330551146,0.0063249826431274,-0.0024293661117553503,0,0
2383,0.05,4,4,0.5743151307106018,470,10,0.05106382978723399,24.0,10,0,1.0,0.0,10,0,1.0,0.7141858141858142,0.19296449382374606,0.6666666666666666,0.4285714285714285,1.0,10,0.7141858141858142,0.19296449382374606,0.6666666666666666,0,,-0.01062124967575071,0.01486198902130123,-0.01024544239044185,0,0
2383,0.1,4,4,0.5743151307106018,470,10,0.1,47.0,10,0,1.0,0.0,10,0,1.0,0.5934065934065934,0.18702454784954842,0.6025641025641025,0.3333333333333333,1.0,10,0.5934065934065934,0.18702454784954842,0.6025641025641025,0,,-0.037977391481399496,0.04193152785301204,-0.0375633537769317,0,0
2383,0.2,4,4,0.5743151307106018,470,10,0.2,94.0,10,0,1.0,0.0,10,0,1.0,0.4502747252747253,0.13774877892268034,0.4285714285714285,0.25,0.6666666666666666,10,0.4502747252747253,0.13774877892268034,0.4285714285714285,0,,-0.07332236468791956,0.07332236468791956,-0.0732139647006988,0,0
2386,0.01,4,4,0.3079580664634704,264,10,0.0113636363636363,3.0,10,0,1.0,0.0,10,0,1.0,0.9454545454545455,0.08782652573448142,1.0,0.8181818181818182,1.0,10,0.9454545454545455,0.08782652573448142,1.0,0,,-0.002962583303451528,0.005590337514877272,-0.00336888432502745,0,0
2386,0.05,4,4,0.3079580664634704,264,10,0.0492424242424242,13.0,10,0,1.0,0.0,10,0,1.0,0.7599067599067599,0.10010954721620148,0.8181818181818182,0.5384615384615384,0.8181818181818182,10,0.7599067599067599,0.10010954721620148,0.8181818181818182,0,,-0.018041962385177572,0.02093492150306697,-0.01688888669013975,0,0
2386,0.1,4,4,0.3079580664634704,264,10,0.0984848484848484,26.0,10,0,1.0,0.0,10,0,1.0,0.6895104895104895,0.13404918650536765,0.6666666666666666,0.5384615384615384,1.0,10,0.6895104895104895,0.13404918650536765,0.6666666666666666,0,,-0.00948196947574612,0.02643841803073878,-0.01396952569484705,0,0
2386,0.2,4,4,0.3079580664634704,264,10,0.2007575757575757,53.0,10,0,1.0,0.0,10,0,1.0,0.5029304029304029,0.13210589969422265,0.48351648351648346,0.3333333333333333,0.6666666666666666,10,0.5029304029304029,0.13210589969422265,0.48351648351648346,0,,-0.045396976172924014,0.05025854557752605,-0.03811119496822355,0,0
2420,0.01,3,3,0.3142805397510528,121,10,0.0082644628099173,1.0,10,0,1.0,0.0,10,0,1.0,0.9454545454545455,0.08782652573448142,1.0,0.8181818181818182,1.0,10,0.9454545454545455,0.08782652573448142,1.0,0,,-0.0022763729095458497,0.00260127782821649,-0.0013597756624221,0,0
2420,0.05,3,3,0.3142805397510528,121,10,0.04958677685950409,6.0,10,0,1.0,0.0,10,0,1.0,0.6960039960039961,0.1702734068753462,0.6666666666666666,0.4285714285714285,1.0,10,0.6960039960039961,0.1702734068753462,0.6666666666666666,0,,-0.0104356974363327,0.01116861402988428,-0.009309500455856299,0,0
2420,0.1,3,3,0.3142805397510528,121,10,0.09917355371900818,12.0,10,0,1.0,0.0,10,0,1.0,0.4937097989729568,0.2869219868229178,0.5384615384615384,0.0526315789473684,0.8181818181818182,10,0.4937097989729568,0.2869219868229178,0.5384615384615384,0,,-0.025519031286239592,0.029475182294845526,-0.0245810598134994,0,0
2420,0.2,3,3,0.3142805397510528,121,10,0.1983471074380165,24.0,10,0,1.0,0.0,10,0,1.0,0.33828197945845007,0.14678977854213843,0.3333333333333333,0.1111111111111111,0.6666666666666666,10,0.33828197945845007,0.14678977854213843,0.3333333333333333,0,,-0.04627704918384547,0.04627704918384547,-0.039159268140792805,0,0
2421,0.01,2,2,0.4608161151409149,68,10,0.0147058823529411,1.0,10,0,1.0,0.0,10,0,1.0,0.9454545454545455,0.08782652573448142,1.0,0.8181818181818182,1.0,10,0.9454545454545455,0.08782652573448142,1.0,0,,-0.002542632818222044,0.007278519868850664,6.143748760223027e-05,0,0
2421,0.05,2,2,0.4608161151409149,68,10,0.0441176470588235,3.0,10,0,1.0,0.0,10,0,1.0,0.8565656565656565,0.2755928764086457,1.0,0.1111111111111111,1.0,10,0.8565656565656565,0.2755928764086457,1.0,0,,-0.00659407675266267,0.014942452311515772,-0.0022731721401215,0,0
2421,0.1,2,2,0.4608161151409149,68,10,0.1029411764705882,7.0,10,0,1.0,0.0,10,0,1.0,0.4840510366826156,0.3396650073802507,0.6666666666666666,0.0526315789473684,0.8181818181818182,10,0.4840510366826156,0.3396650073802507,0.6666666666666666,0,,-0.03019502460956569,0.03819417059421533,-0.0444152504205703,0,0
2421,0.2,2,2,0.4608161151409149,68,10,0.2058823529411764,14.0,10,0,1.0,0.0,10,0,1.0,0.5454212454212455,0.1069676515356185,0.5384615384615384,0.3333333333333333,0.6666666666666666,10,0.5454212454212455,0.1069676515356185,0.5384615384615384,0,,-0.04322935044765471,0.053685823082923835,-0.015439808368682799,0,0
2440,0.01,2,2,0.5721425414085388,478,10,0.0104602510460251,5.0,10,0,1.0,0.0,10,0,1.0,0.8424242424242424,0.12436964825552635,0.8181818181818182,0.6666666666666666,1.0,10,0.8424242424242424,0.12436964825552635,0.8181818181818182,0,,-0.0010450422763824331,0.005481404066085773,-0.0026631355285644,0,0
2440,0.05,2,2,0.5721425414085388,478,10,0.0502092050209205,24.0,10,0,1.0,0.0,10,0,1.0,0.6585081585081585,0.10250080455937588,0.6666666666666666,0.5384615384615384,0.8181818181818182,10,0.6585081585081585,0.10250080455937588,0.6666666666666666,0,,-0.01076062917709346,0.013063490390777519,-0.0116120278835296,0,0
2440,0.1,2,2,0.5721425414085388,478,10,0.100418410041841,48.0,10,0,1.0,0.0,10,0,1.0,0.5290709290709291,0.15582809004272308,0.5384615384615384,0.3333333333333333,0.8181818181818182,10,0.5290709290709291,0.15582809004272308,0.5384615384615384,0,,-0.025339430570602377,0.025339430570602377,-0.01652312278747555,0,0
2440,0.2,2,2,0.5721425414085388,478,10,0.200836820083682,96.0,10,0,1.0,0.0,10,0,1.0,0.32268368886015947,0.10298488572098292,0.3333333333333333,0.1764705882352941,0.5384615384615384,10,0.32268368886015947,0.10298488572098292,0.3333333333333333,0,,-0.022685265541076624,0.025359249114990177,-0.025297880172729402,0,0
2441,0.01,2,2,0.5838233828544617,406,10,0.009852216748768402,4.0,10,0,1.0,0.0,10,0,1.0,0.9121212121212121,0.12159031907720533,1.0,0.6666666666666666,1.0,10,0.9121212121212121,0.12159031907720533,1.0,0,,-0.007828611135482772,0.008304566144943171,-0.0019139647483825,0,0
2441,0.05,2,2,0.5838233828544617,406,10,0.0492610837438423,20.0,10,0,1.0,0.0,10,0,1.0,0.6864801864801865,0.10425283238260367,0.6666666666666666,0.5384615384615384,0.8181818181818182,10,0.6864801864801865,0.10425283238260367,0.6666666666666666,0,,-0.01072365641593932,0.01399548649787898,-0.0081906616687774,0,0
2441,0.1,2,2,0.5838233828544617,406,10,0.10098522167487681,41.0,10,0,1.0,0.0,10,0,1.0,0.5700965700965701,0.11797385064345811,0.5384615384615384,0.4285714285714285,0.8181818181818182,10,0.5700965700965701,0.11797385064345811,0.5384615384615384,0,,-0.040900209546089125,0.040900209546089125,-0.04063075780868525,0,0
2441,0.2,2,2,0.5838233828544617,406,10,0.19950738916256147,81.0,10,0,1.0,0.0,9,1,0.9,0.44607244607244606,0.1025604685675183,0.4285714285714285,0.3333333333333333,0.6666666666666666,9,0.44607244607244606,0.1025604685675183,0.4285714285714285,0,,-0.059335803985595646,0.059335803985595646,-0.06552100181579584,0,1
2451,0.01,2,2,0.3916893303394317,450,10,0.0111111111111111,5.0,10,0,1.0,0.0,10,0,1.0,0.9636363636363636,0.0766612766101425,1.0,0.8181818181818182,1.0,10,0.9636363636363636,0.0766612766101425,1.0,0,,0.0005089074373244998,0.00360499918460842,0.00137545168399805,0,0
2451,0.05,2,2,0.3916893303394317,450,10,0.05111111111111109,23.0,10,0,1.0,0.0,10,0,1.0,0.7477855477855477,0.130627673528855,0.7424242424242424,0.5384615384615384,1.0,10,0.7477855477855477,0.130627673528855,0.7424242424242424,0,,0.00330963134765624,0.016172355413436843,0.0038706958293914,0,0
2451,0.1,2,2,0.3916893303394317,450,10,0.1,45.0,9,1,0.9,0.09999999999999998,10,0,1.0,0.6475191475191475,0.1210187586846158,0.6666666666666666,0.4285714285714285,0.8181818181818182,9,0.6453916453916454,0.1281612732579835,0.6666666666666666,1,0.6666666666666666,-0.03604227304458612,0.03604227304458612,-0.03076626360416405,0,0
2451,0.2,2,2,0.3916893303394317,450,10,0.2,90.0,8,2,0.8,0.19999999999999996,10,0,1.0,0.5752247752247752,0.14783758045327494,0.6025641025641025,0.3333333333333333,0.8181818181818182,8,0.5683899433899434,0.16327744890699866,0.6025641025641025,2,0.6025641025641025,-0.055482050776481606,0.06011180579662321,-0.060315489768981906,0,0
2452,0.01,2,2,0.7390496730804443,259,10,0.011583011583011501,3.0,10,0,1.0,0.0,10,0,1.0,0.8787878787878787,0.139232815677679,0.9090909090909092,0.6666666666666666,1.0,10,0.8787878787878787,0.139232815677679,0.9090909090909092,0,,-0.002004283666610732,0.007240384817123367,-0.0003998279571533113,0,0
2452,0.05,2,2,0.7390496730804443,259,10,0.05019305019305011,13.0,10,0,1.0,0.0,10,0,1.0,0.7477855477855477,0.130627673528855,0.7424242424242424,0.5384615384615384,1.0,10,0.7477855477855477,0.130627673528855,0.7424242424242424,0,,-0.0037608861923217676,0.004728055000305127,-0.0002627074718474852,0,0
2452,0.1,2,2,0.7390496730804443,259,10,0.1003861003861003,26.0,10,0,1.0,0.0,10,0,1.0,0.5992673992673991,0.15669970234805453,0.5384615384615384,0.4285714285714285,1.0,10,0.5992673992673991,0.15669970234805453,0.5384615384615384,0,,-0.061556506156921334,0.061556506156921334,-0.020399451255798298,0,0
2452,0.2,2,2,0.7390496730804443,259,10,0.20077220077220073,52.0,10,0,1.0,0.0,10,0,1.0,0.46300366300366297,0.0711163773224789,0.4285714285714285,0.3333333333333333,0.5384615384615384,10,0.46300366300366297,0.0711163773224789,0.4285714285714285,0,,-0.0379752695560455,0.040276020765304524,-0.0141580998897552,0,0
2459,0.01,3,3,0.4031799435615539,121,10,0.0082644628099173,1.0,10,0,1.0,0.0,10,0,1.0,0.9636363636363636,0.0766612766101425,1.0,0.8181818181818182,1.0,10,0.9636363636363636,0.0766612766101425,1.0,0,,0.001085251569747933,0.0015331029891967334,-4.6297907829284675e-05,0,0
2459,0.05,3,3,0.4031799435615539,121,10,0.04958677685950409,6.0,9,1,0.9,0.09999999999999998,10,0,1.0,0.6071575483340189,0.231644127637219,0.6666666666666666,0.1764705882352941,1.0,9,0.6375824611118728,0.2235006259053518,0.6666666666666666,1,0.3333333333333333,-0.018981185555458076,0.02630569636821744,-0.0066298097372055,0,0
2459,0.1,3,3,0.4031799435615539,121,10,0.09917355371900818,12.0,7,3,0.7,0.30000000000000004,10,0,1.0,0.4660902822667528,0.16019853603726708,0.48351648351648346,0.1764705882352941,0.6666666666666666,7,0.4919814079477944,0.16977407174300016,0.5384615384615384,3,0.4056776556776556,-0.060617437958717324,0.07990835607051847,-0.0772714763879776,0,0
2459,0.2,3,3,0.4031799435615539,121,10,0.1983471074380165,24.0,4,6,0.4,0.6,10,0,1.0,0.30263233498527614,0.13469145961965664,0.29166666666666663,0.1111111111111111,0.5384615384615384,4,0.3528693528693528,0.18166266093672565,0.38095238095238093,6,0.269140989729225,-0.10792124718427656,0.10792124718427656,-0.113446831703186,0,0
2477,0.01,3,3,0.3261424601078033,58,10,0.0172413793103448,1.0,10,0,1.0,0.0,7,3,0.7,0.8561438561438562,0.16699759195977515,0.8181818181818182,0.5384615384615384,1.0,7,0.8561438561438562,0.16699759195977515,0.8181818181818182,0,,-0.01223717927932736,0.012965452671050962,-0.007958859205245899,0,3
2477,0.05,3,3,0.3261424601078033,58,10,0.0517241379310344,3.0,10,0,1.0,0.0,5,5,0.5,0.7379953379953379,0.17682308275526112,0.6666666666666666,0.5384615384615384,1.0,5,0.7379953379953379,0.17682308275526112,0.6666666666666666,0,,-0.01744750142097472,0.027537202835082958,-0.0072461366653442,0,5
2477,0.1,3,3,0.3261424601078033,58,10,0.10344827586206891,6.0,9,1,0.9,0.09999999999999998,2,8,0.2,0.6783216783216783,0.19779210662560776,0.6783216783216783,0.5384615384615384,0.8181818181818182,1,0.8181818181818182,,0.8181818181818182,1,0.5384615384615384,-0.04443469941616056,0.044972738623619044,-0.02771414816379545,0,8
2477,0.2,3,3,0.3261424601078033,58,10,0.2068965517241379,12.0,10,0,1.0,0.0,8,2,0.8,0.5277534965034965,0.17689800620494775,0.5384615384615384,0.25,0.8181818181818182,8,0.5277534965034965,0.17689800620494775,0.5384615384615384,0,,-0.026487523317336992,0.03507407307624811,-0.0261473357677459,0,2
2478,0.01,1,1,0.4880118370056152,105,10,0.0095238095238095,1.0,10,0,1.0,0.0,10,0,1.0,0.9818181818181818,0.05749595745760688,1.0,0.8181818181818182,1.0,10,0.9818181818181818,0.05749595745760688,1.0,0,,-0.00555714964866635,0.0057184457778930295,-0.00139211118221275,0,0
2478,0.05,1,1,0.4880118370056152,105,10,0.0476190476190476,5.0,10,0,1.0,0.0,10,0,1.0,0.7906426906426907,0.19567150760072222,0.8181818181818182,0.4285714285714285,1.0,10,0.7906426906426907,0.19567150760072222,0.8181818181818182,0,,-0.02300173640251158,0.03089148402214047,-0.01262409985065455,0,0
2478,0.1,1,1,0.4880118370056152,105,10,0.1047619047619047,11.0,10,0,1.0,0.0,10,0,1.0,0.6451881451881453,0.18669395390244967,0.6666666666666666,0.3333333333333333,1.0,10,0.6451881451881453,0.18669395390244967,0.6666666666666666,0,,-0.0321238249540329,0.0371107846498489,-0.040641576051711994,0,0
2478,0.2,1,1,0.4880118370056152,105,10,0.2,21.0,10,0,1.0,0.0,10,0,1.0,0.5356449106449106,0.22077704633037804,0.5384615384615384,0.1111111111111111,0.8181818181818182,10,0.5356449106449106,0.22077704633037804,0.5384615384615384,0,,-0.0944129407405853,0.09549002647399898,-0.09908910095691675,0,0
2495,0.01,3,3,0.6624459028244019,215,10,0.009302325581395298,2.0,10,0,1.0,0.0,10,0,1.0,0.9636363636363636,0.0766612766101425,1.0,0.8181818181818182,1.0,10,0.9636363636363636,0.0766612766101425,1.0,0,,-0.000485295057296755,0.001575392484664875,-0.000219792127609225,0,0
2495,0.05,3,3,0.6624459028244019,215,10,0.0511627906976744,11.0,10,0,1.0,0.0,10,0,1.0,0.8303030303030303,0.1572646501497258,0.8181818181818182,0.6666666666666666,1.0,10,0.8303030303030303,0.1572646501497258,0.8181818181818182,0,,-0.00155679583549499,0.01301135420799251,0.00464671850204465,0,0
2495,0.1,3,3,0.6624459028244019,215,10,0.1023255813953488,22.0,10,0,1.0,0.0,10,0,1.0,0.6864801864801865,0.10425283238260367,0.6666666666666666,0.5384615384615384,0.8181818181818182,10,0.6864801864801865,0.10425283238260367,0.6666666666666666,0,,-0.04618081450462337,0.04618081450462337,-0.03915232419967645,0,0
2495,0.2,3,3,0.6624459028244019,215,10,0.2,43.0,10,0,1.0,0.0,10,0,1.0,0.48177655677655673,0.13427020302179132,0.48351648351648346,0.25,0.6666666666666666,10,0.48177655677655673,0.13427020302179132,0.48351648351648346,0,,-0.0939160972833633,0.0939160972833633,-0.07220390439033506,0,0
2499,0.01,0,0,0.7125833630561829,100,10,0.009999999999999998,1.0,10,0,1.0,0.0,10,0,1.0,0.9818181818181818,0.05749595745760688,1.0,0.8181818181818182,1.0,10,0.9818181818181818,0.05749595745760688,1.0,0,,-0.005836945772171019,0.008016973733901924,-0.00204226374626155,0,0
2499,0.05,0,0,0.7125833630561829,100,10,0.05,5.0,10,0,1.0,0.0,10,0,1.0,0.8424242424242424,0.12436964825552634,0.8181818181818182,0.6666666666666666,1.0,10,0.8424242424242424,0.12436964825552634,0.8181818181818182,0,,-0.033054262399673406,0.033054262399673406,-0.02387183904647825,0,0
2499,0.1,0,0,0.7125833630561829,100,10,0.1,10.0,10,0,1.0,0.0,9,1,0.9,0.7627557627557627,0.17351794790071826,0.8181818181818182,0.5384615384615384,1.0,9,0.7627557627557627,0.17351794790071826,0.8181818181818182,0,,-0.05421952605247492,0.05421952605247492,-0.05399572849273675,0,1
2499,0.2,0,0,0.7125833630561829,100,10,0.2,20.0,10,0,1.0,0.0,10,0,1.0,0.5757242757242758,0.15390896500469145,0.5384615384615384,0.3333333333333333,0.8181818181818182,10,0.5757242757242758,0.15390896500469145,0.5384615384615384,0,,-0.10616572797298426,0.10616572797298426,-0.08727344870567315,0,0
2507,0.01,2,2,0.7500112652778625,227,10,0.0088105726872246,2.0,10,0,1.0,0.0,10,0,1.0,0.9636363636363636,0.0766612766101425,1.0,0.8181818181818182,1.0,10,0.9636363636363636,0.0766612766101425,1.0,0,,-0.0017313539981841906,0.001961559057235669,-0.00072011351585385,0,0
2507,0.05,2,2,0.7500112652778625,227,10,0.0484581497797356,11.0,10,0,1.0,0.0,10,0,1.0,0.5934065934065934,0.1014239787902085,0.6666666666666666,0.4285714285714285,0.6666666666666666,10,0.5934065934065934,0.1014239787902085,0.6666666666666666,0,,-0.01939554214477536,0.021534931659698442,-0.008513540029525701,0,0
2507,0.1,2,2,0.7500112652778625,227,10,0.10132158590308368,23.0,10,0,1.0,0.0,10,0,1.0,0.4291208791208791,0.13067508516101561,0.4285714285714285,0.25,0.6666666666666666,10,0.4291208791208791,0.13067508516101561,0.4285714285714285,0,,-0.021833831071853587,0.02673886418342585,-0.022559285163879353,0,0
2507,0.2,2,2,0.7500112652778625,227,10,0.198237885462555,45.0,10,0,1.0,0.0,10,0,1.0,0.249766573295985,0.10503164177417162,0.25,0.1111111111111111,0.4285714285714285,10,0.249766573295985,0.10503164177417162,0.25,0,,-0.06502051949501034,0.06602309346199031,-0.048672229051589896,0,0
2511,0.01,0,0,0.2111314684152603,129,10,0.007751937984496099,1.0,10,0,1.0,0.0,10,0,1.0,0.9666666666666666,0.10540925533894599,1.0,0.6666666666666666,1.0,10,0.9666666666666666,0.10540925533894599,1.0,0,,-0.0009865373373031173,0.0010883420705794771,-0.0003575533628463,0,0
2511,0.05,0,0,0.2111314684152603,129,10,0.0465116279069767,6.0,8,2,0.8,0.19999999999999996,10,0,1.0,0.9454545454545455,0.08782652573448142,1.0,0.8181818181818182,1.0,8,0.9545454545454546,0.08416546361568647,1.0,2,0.9090909090909092,-0.0034749910235404692,0.01197257488965983,-0.00531142204999915,0,0
2511,0.1,0,0,0.2111314684152603,129,10,0.1007751937984496,13.0,7,3,0.7,0.30000000000000004,10,0,1.0,0.6983349983349983,0.18224179617478353,0.7424242424242424,0.4285714285714285,1.0,7,0.7085771371485657,0.20706225874311537,0.8181818181818182,3,0.6744366744366744,-0.00862091183662413,0.019964230060577355,-0.009512983262538851,0,0
2511,0.2,0,0,0.2111314684152603,129,10,0.2015503875968992,26.0,4,6,0.4,0.6,9,1,0.9,0.5547415547415547,0.07294141114376387,0.5384615384615384,0.4285714285714285,0.6666666666666666,3,0.5384615384615384,0.0,0.5384615384615384,6,0.5628815628815628,-0.03020416796207424,0.03020416796207424,-0.023798063397407497,0,1
2518,0.01,4,4,0.5229170322418213,480,10,0.0104166666666666,5.0,10,0,1.0,0.0,10,0,1.0,0.7878787878787878,0.0638843971751188,0.8181818181818182,0.6666666666666666,0.8181818181818182,10,0.7878787878787878,0.0638843971751188,0.8181818181818182,0,,-0.00509158372879025,0.006190228462219191,-0.00605151057243345,0,0
2518,0.05,4,4,0.5229170322418213,480,10,0.05,24.0,10,0,1.0,0.0,10,0,1.0,0.6195471195471196,0.10891042753313658,0.6666666666666666,0.4285714285714285,0.8181818181818182,10,0.6195471195471196,0.10891042753313658,0.6666666666666666,0,,-0.02139130532741543,0.02184234559535975,-0.0206694900989532,0,0
2518,0.1,4,4,0.5229170322418213,480,10,0.1,48.0,10,0,1.0,0.0,10,0,1.0,0.5462870462870463,0.12032138112968553,0.5384615384615384,0.4285714285714285,0.8181818181818182,10,0.5462870462870463,0.12032138112968553,0.5384615384615384,0,,-0.04711764454841609,0.04711764454841609,-0.0337588191032409,0,0
2518,0.2,4,4,0.5229170322418213,480,10,0.2,96.0,10,0,1.0,0.0,10,0,1.0,0.3967679379444085,0.10791085332842412,0.4285714285714285,0.1764705882352941,0.5384615384615384,10,0.3967679379444085,0.10791085332842412,0.4285714285714285,0,,-0.08580741882324214,0.08580741882324214,-0.08271889388561246,0,0
2539,0.01,3,3,0.8259238600730896,91,10,0.010989010989010898,1.0,10,0,1.0,0.0,10,0,1.0,0.7811188811188812,0.14888214867426594,0.8181818181818182,0.5384615384615384,1.0,10,0.7811188811188812,0.14888214867426594,0.8181818181818182,0,,-0.00624989867210386,0.008833903074264479,-0.00046244263648979997,0,0
2539,0.05,3,3,0.8259238600730896,91,10,0.0549450549450549,5.0,10,0,1.0,0.0,10,0,1.0,0.6994652406417112,0.22966492358371263,0.6666666666666666,0.1764705882352941,1.0,10,0.6994652406417112,0.22966492358371263,0.6666666666666666,0,,-0.025307834148406948,0.026462352275848332,-0.01394939422607415,0,0
2539,0.1,3,3,0.8259238600730896,91,10,0.0989010989010989,9.0,10,0,1.0,0.0,10,0,1.0,0.45375457875457875,0.15143384270094892,0.5384615384615384,0.25,0.6666666666666666,10,0.45375457875457875,0.15143384270094892,0.5384615384615384,0,,-0.04941982030868529,0.051119160652160614,-0.030836224555969204,0,0
2539,0.2,3,3,0.8259238600730896,91,10,0.1978021978021978,18.0,10,0,1.0,0.0,10,0,1.0,0.46609028226675286,0.16019853603726708,0.48351648351648346,0.1764705882352941,0.6666666666666666,10,0.46609028226675286,0.16019853603726708,0.48351648351648346,0,,-0.10285015702247616,0.10285015702247616,-0.09422037005424495,0,0
2554,0.01,2,2,0.4950905442237854,98,10,0.010204081632653,1.0,10,0,1.0,0.0,10,0,1.0,0.9636363636363636,0.0766612766101425,1.0,0.8181818181818182,1.0,10,0.9636363636363636,0.0766612766101425,1.0,0,,-0.0012744992971420155,0.0020209580659865957,-0.0011454969644546001,0,0
2554,0.05,2,2,0.4950905442237854,98,10,0.05102040816326529,5.0,10,0,1.0,0.0,10,0,1.0,0.6197552447552448,0.26936223442417717,0.8181818181818182,0.25,0.8181818181818182,10,0.6197552447552448,0.26936223442417717,0.8181818181818182,0,,-0.04545439481735229,0.04873690605163569,-0.0098876059055328,0,0
2554,0.1,2,2,0.4950905442237854,98,10,0.10204081632653059,10.0,10,0,1.0,0.0,10,0,1.0,0.5224358974358975,0.10385802401294647,0.5384615384615384,0.25,0.6666666666666666,10,0.5224358974358975,0.10385802401294647,0.5384615384615384,0,,-0.01036221981048581,0.028148627281188904,-0.0013795346021651502,0,0
2554,0.2,2,2,0.4950905442237854,98,10,0.20408163265306117,20.0,10,0,1.0,0.0,9,1,0.9,0.37390568763117776,0.1722001525189647,0.4285714285714285,0.1111111111111111,0.5384615384615384,9,0.37390568763117776,0.1722001525189647,0.4285714285714285,0,,-0.034233814477920524,0.045031481981277426,-0.020714893937110852,1,0
2556,0.01,2,2,0.3312290608882904,244,10,0.008196721311475402,2.0,10,0,1.0,0.0,10,0,1.0,0.9272727272727274,0.09389050536260403,1.0,0.8181818181818182,1.0,10,0.9272727272727274,0.09389050536260403,1.0,0,,-0.0012701958417892403,0.00513998568058008,-9.404122829439999e-05,0,0
2556,0.05,2,2,0.3312290608882904,244,10,0.0491803278688524,12.0,10,0,1.0,0.0,10,0,1.0,0.5939060939060938,0.10999391323982344,0.5384615384615384,0.4285714285714285,0.8181818181818182,10,0.5939060939060938,0.10999391323982344,0.5384615384615384,0,,-0.008229005336761479,0.014307844638824401,-0.006080090999603251,0,0
2556,0.1,2,2,0.3312290608882904,244,10,0.0983606557377049,24.0,10,0,1.0,0.0,10,0,1.0,0.4260989010989011,0.10920971189077766,0.4285714285714285,0.25,0.5384615384615384,10,0.4260989010989011,0.10920971189077766,0.4285714285714285,0,,-0.008184471726417541,0.03536420762538906,-0.0222048759460449,0,0
2556,0.2,2,2,0.3312290608882904,244,10,0.2008196721311475,49.0,10,0,1.0,0.0,10,0,1.0,0.34002190619837674,0.15119547522061114,0.33928571428571425,0.1111111111111111,0.5384615384615384,10,0.34002190619837674,0.15119547522061114,0.33928571428571425,0,,-0.013598749041557301,0.03433541953563686,-0.0278827995061874,0,0
2575,0.01,0,0,0.3191019594669342,101,10,0.0099009900990099,1.0,10,0,1.0,0.0,10,0,1.0,0.8939393939393939,0.12057915541730628,0.9090909090909092,0.6666666666666666,1.0,10,0.8939393939393939,0.12057915541730628,0.9090909090909092,0,,-0.0025404989719390817,0.0048800110816955185,-1.9818544387807815e-05,0,0
2575,0.05,0,0,0.3191019594669342,101,10,0.0495049504950495,5.0,10,0,1.0,0.0,10,0,1.0,0.809090909090909,0.12209276055266116,0.8181818181818182,0.6666666666666666,1.0,10,0.809090909090909,0.12209276055266116,0.8181818181818182,0,,-0.0106130689382553,0.013891616463661141,-0.0129592418670654,0,0
2575,0.1,0,0,0.3191019594669342,101,10,0.099009900990099,10.0,10,0,1.0,0.0,10,0,1.0,0.6736596736596737,0.11435382063394087,0.6666666666666666,0.5384615384615384,0.8181818181818182,10,0.6736596736596737,0.11435382063394087,0.6666666666666666,0,,-0.02849580645561215,0.03470984101295464,-0.03330126404762265,0,0
2575,0.2,0,0,0.3191019594669342,101,10,0.198019801980198,20.0,9,1,0.9,0.09999999999999998,10,0,1.0,0.5733932733932734,0.13723631496981206,0.5384615384615384,0.3333333333333333,0.8181818181818182,9,0.6000666000666001,0.11482175495875181,0.5384615384615384,1,0.3333333333333333,-0.06520768254995342,0.06520768254995342,-0.0566208660602569,0,0
2588,0.01,3,3,0.4027038216590881,105,10,0.0095238095238095,1.0,10,0,1.0,0.0,10,0,1.0,0.7895104895104895,0.19702463108015628,0.7424242424242424,0.5384615384615384,1.0,10,0.7895104895104895,0.19702463108015628,0.7424242424242424,0,,0.0006772518157958852,0.0049856662750243546,5.0112605094875e-05,0,0
2588,0.05,3,3,0.4027038216590881,105,10,0.0476190476190476,5.0,10,0,1.0,0.0,10,0,1.0,0.6326007326007326,0.2016393963315494,0.5384615384615384,0.4285714285714285,1.0,10,0.6326007326007326,0.2016393963315494,0.5384615384615384,0,,-0.006959396600723261,0.01132642030715938,-0.00710813701152795,0,0
2588,0.1,3,3,0.4027038216590881,105,10,0.1047619047619047,11.0,10,0,1.0,0.0,10,0,1.0,0.5418414918414918,0.2102230132247333,0.5384615384615384,0.25,0.8181818181818182,10,0.5418414918414918,0.2102230132247333,0.5384615384615384,0,,-0.03723353743553157,0.03889212012290949,-0.031886518001556355,0,0
2588,0.2,3,3,0.4027038216590881,105,10,0.2,21.0,10,0,1.0,0.0,10,0,1.0,0.3293797705562411,0.2285767652302251,0.25,0.1111111111111111,0.8181818181818182,10,0.3293797705562411,0.2285767652302251,0.25,0,,-0.05989966988563533,0.06294203996658321,-0.0606886893510818,0,0
2592,0.01,5,5,0.5950422286987305,194,10,0.0103092783505154,2.0,10,0,1.0,0.0,10,0,1.0,0.9090909090909092,0.09582659576267813,0.9090909090909092,0.8181818181818182,1.0,10,0.9090909090909092,0.09582659576267813,0.9090909090909092,0,,-0.0008234560489654309,0.0015617668628692093,-0.0003522336483001,0,0
2592,0.05,5,5,0.5950422286987305,194,10,0.0515463917525773,10.0,10,0,1.0,0.0,10,0,1.0,0.7477855477855477,0.130627673528855,0.7424242424242424,0.5384615384615384,1.0,10,0.7477855477855477,0.130627673528855,0.7424242424242424,0,,-0.013104599714279139,0.0139126360416412,-0.0121819972991943,0,0
2592,0.1,5,5,0.5950422286987305,194,10,0.0979381443298969,19.0,10,0,1.0,0.0,10,0,1.0,0.5070929070929071,0.16115387416601673,0.4285714285714285,0.3333333333333333,0.8181818181818182,10,0.5070929070929071,0.16115387416601673,0.4285714285714285,0,,-0.05975597798824308,0.05975597798824308,-0.0437802076339721,0,0
2592,0.2,5,5,0.5950422286987305,194,10,0.2010309278350515,39.0,10,0,1.0,0.0,10,0,1.0,0.39075091575091575,0.13673377280544774,0.38095238095238093,0.25,0.6666666666666666,10,0.39075091575091575,0.13673377280544774,0.38095238095238093,0,,-0.10299482941627498,0.10299482941627498,-0.10222047567367551,0,0
2593,0.01,3,3,0.2780078649520874,108,10,0.0092592592592592,1.0,10,0,1.0,0.0,10,0,1.0,1.0,0.0,1.0,1.0,1.0,10,1.0,0.0,1.0,0,,-0.0006087750196456874,0.0011631399393081125,-7.320940494532958e-05,0,0
2593,0.05,3,3,0.2780078649520874,108,10,0.04629629629629619,5.0,10,0,1.0,0.0,10,0,1.0,0.8575757575757577,0.10883809088526043,0.8181818181818182,0.6666666666666666,1.0,10,0.8575757575757577,0.10883809088526043,0.8181818181818182,0,,-0.00197838842868807,0.01057201325893397,0.00264899432659145,0,0
2593,0.1,3,3,0.2780078649520874,108,10,0.10185185185185182,11.0,9,1,0.9,0.09999999999999998,10,0,1.0,0.723976023976024,0.16439138549184454,0.7424242424242424,0.4285714285714285,1.0,9,0.7135087135087135,0.17079224794236053,0.6666666666666666,1,0.8181818181818182,-0.022016723453998542,0.0295480147004127,-0.01984876394271845,0,0
2593,0.2,3,3,0.2780078649520874,108,10,0.20370370370370366,22.0,9,1,0.9,0.09999999999999998,10,0,1.0,0.5418914418914419,0.16184433219995548,0.5384615384615384,0.3333333333333333,0.8181818181818182,9,0.5280275280275281,0.16524359333303357,0.5384615384615384,1,0.6666666666666666,-0.02926023155450818,0.03331470042467115,-0.02392730116844175,0,0
2609,0.01,3,3,0.2342722713947296,125,10,0.008000000000000002,1.0,10,0,1.0,0.0,10,0,1.0,0.8993006993006993,0.1530387799745964,1.0,0.5384615384615384,1.0,10,0.8993006993006993,0.1530387799745964,1.0,0,,-0.00138116478919981,0.00156784653663631,-0.00073805451393125,0,0
2609,0.05,3,3,0.2342722713947296,125,10,0.048,6.0,8,2,0.8,0.19999999999999996,10,0,1.0,0.5903762903762904,0.22786365198630493,0.5384615384615384,0.3333333333333333,1.0,8,0.6427322677322678,0.22459980698393567,0.6025641025641025,2,0.38095238095238093,-0.011301146447658521,0.018704597651958418,-0.00391518324613565,0,0
2609,0.1,3,3,0.2342722713947296,125,10,0.10400000000000001,13.0,8,2,0.8,0.19999999999999996,10,0,1.0,0.42646520146520145,0.1148666673439061,0.4285714285714285,0.25,0.6666666666666666,8,0.44974816849816845,0.11775598210217306,0.4285714285714285,2,0.3333333333333333,-0.015586058795452098,0.019589434564113557,-0.00458653271198265,0,0
2609,0.2,3,3,0.2342722713947296,125,10,0.2,25.0,7,3,0.7,0.30000000000000004,10,0,1.0,0.3239621489621489,0.15670791127810235,0.29166666666666663,0.1111111111111111,0.5384615384615384,7,0.3499912785627071,0.1604964437956162,0.3333333333333333,3,0.2632275132275132,-0.029757201671600293,0.029757201671600293,-0.0271242260932922,0,0
2613,0.01,3,3,0.794624924659729,99,10,0.0101010101010101,1.0,10,0,1.0,0.0,10,0,1.0,0.6068181818181818,0.3800056183432711,0.5340909090909092,0.25,1.0,10,0.6068181818181818,0.3800056183432711,0.5340909090909092,0,,-0.000892478227615345,0.001004141569137545,-0.0003342926502227543,0,0
2613,0.05,3,3,0.794624924659729,99,10,0.0505050505050505,5.0,10,0,1.0,0.0,10,0,1.0,0.6348770510535217,0.3404124339673024,0.8181818181818182,0.1111111111111111,1.0,10,0.6348770510535217,0.3404124339673024,0.8181818181818182,0,,-0.03081687092781061,0.03081687092781061,-0.00557771325111385,0,0
2613,0.1,3,3,0.794624924659729,99,10,0.101010101010101,10.0,10,0,1.0,0.0,10,0,1.0,0.5584201745966453,0.2972597357454726,0.6025641025641025,0.1111111111111111,1.0,10,0.5584201745966453,0.2972597357454726,0.6025641025641025,0,,-0.0989060223102569,0.0989060223102569,-0.05705162882804865,0,0
2613,0.2,3,3,0.794624924659729,99,10,0.202020202020202,20.0,10,0,1.0,0.0,10,0,1.0,0.459765028573078,0.25167292850144535,0.48351648351648346,0.0526315789473684,0.8181818181818182,10,0.459765028573078,0.25167292850144535,0.48351648351648346,0,,-0.1743991494178772,0.1743991494178772,-0.20033612847328186,0,0
2614,0.01,2,2,0.8776564002037048,256,10,0.01171875,3.0,10,0,1.0,0.0,10,0,1.0,0.8424242424242424,0.12436964825552635,0.8181818181818182,0.6666666666666666,1.0,10,0.8424242424242424,0.12436964825552635,0.8181818181818182,0,,-0.004144662618637085,0.005316454172134365,4.0650367736775586e-05,0,0
2614,0.05,2,2,0.8776564002037048,256,10,0.05078125,13.0,10,0,1.0,0.0,10,0,1.0,0.5481185481185482,0.13270154957416633,0.5384615384615384,0.4285714285714285,0.8181818181818182,10,0.5481185481185482,0.13270154957416633,0.5384615384615384,0,,-0.029917317628860452,0.029917317628860452,-0.026660561561584452,0,0
2614,0.1,2,2,0.8776564002037048,256,10,0.1015625,26.0,10,0,1.0,0.0,10,0,1.0,0.5352980352980353,0.12599967251671365,0.5384615384615384,0.4285714285714285,0.8181818181818182,10,0.5352980352980353,0.12599967251671365,0.5384615384615384,0,,-0.03691997528076167,0.03800076246261591,-0.041566908359527505,0,0
2614,0.2,2,2,0.8776564002037048,256,10,0.19921875,51.0,10,0,1.0,0.0,10,0,1.0,0.3406288156288156,0.15183082199583262,0.3333333333333333,0.1111111111111111,0.5384615384615384,10,0.3406288156288156,0.15183082199583262,0.3333333333333333,0,,-0.09772374033927915,0.09772374033927915,-0.0582417547702789,0,0
2627,0.01,2,2,0.8874753713607788,48,10,0.020833333333333304,1.0,10,0,1.0,0.0,10,0,1.0,0.9818181818181818,0.05749595745760688,1.0,0.8181818181818182,1.0,10,0.9818181818181818,0.05749595745760688,1.0,0,,-0.00143616795539852,0.0018795073032378603,-0.0007317960262298001,0,0
2627,0.05,2,2,0.8874753713607788,48,10,0.04166666666666661,2.0,10,0,1.0,0.0,10,0,1.0,0.9272727272727274,0.09389050536260403,1.0,0.8181818181818182,1.0,10,0.9272727272727274,0.09389050536260403,1.0,0,,-0.02185036540031429,0.02185036540031429,-0.00944522023200985,0,0
2627,0.1,2,2,0.8874753713607788,48,10,0.1041666666666666,5.0,10,0,1.0,0.0,10,0,1.0,0.8939393939393939,0.12057915541730628,0.9090909090909092,0.6666666666666666,1.0,10,0.8939393939393939,0.12057915541730628,0.9090909090909092,0,,-0.021102160215377773,0.021102160215377773,-0.0049321055412292,0,0
2627,0.2,2,2,0.8874753713607788,48,10,0.20833333333333331,10.0,10,0,1.0,0.0,10,0,1.0,0.6480186480186481,0.12805199113878893,0.6025641025641025,0.5384615384615384,0.8181818181818182,10,0.6480186480186481,0.12805199113878893,0.6025641025641025,0,,-0.0640360683202743,0.0640360683202743,-0.02562969923019405,0,0
2668,0.01,3,3,0.6029812097549438,336,10,0.0089285714285714,3.0,10,0,1.0,0.0,10,0,1.0,0.9636363636363636,0.0766612766101425,1.0,0.8181818181818182,1.0,10,0.9636363636363636,0.0766612766101425,1.0,0,,-0.00271215438842769,0.0035828828811644902,-0.00355207920074455,0,0
2668,0.05,3,3,0.6029812097549438,336,10,0.050595238095238006,17.0,10,0,1.0,0.0,10,0,1.0,0.8144522144522144,0.157477184041696,0.8181818181818182,0.5384615384615384,1.0,10,0.8144522144522144,0.157477184041696,0.8181818181818182,0,,-0.015611279010772671,0.01567368507385249,-0.01399374008178705,0,0
2668,0.1,3,3,0.6029812097549438,336,10,0.1011904761904761,34.0,10,0,1.0,0.0,10,0,1.0,0.6936729936729937,0.1573592046901415,0.6666666666666666,0.4285714285714285,1.0,10,0.6936729936729937,0.1573592046901415,0.6666666666666666,0,,-0.050730895996093706,0.050730895996093706,-0.05638462305068965,0,0
2668,0.2,3,3,0.6029812097549438,336,10,0.1994047619047619,67.0,10,0,1.0,0.0,10,0,1.0,0.48681318681318675,0.09436451673280129,0.48351648351648346,0.3333333333333333,0.6666666666666666,10,0.48681318681318675,0.09436451673280129,0.48351648351648346,0,,-0.1049752295017242,0.1049752295017242,-0.0998454391956329,0,0
2678,0.01,4,4,0.2741964161396026,371,10,0.0107816711590296,4.0,10,0,1.0,0.0,10,0,1.0,0.9090909090909092,0.09582659576267813,0.9090909090909092,0.8181818181818182,1.0,10,0.9090909090909092,0.09582659576267813,0.9090909090909092,0,,-0.00092894434928892,0.0034645855426787796,-0.0022746175527572,0,0
2678,0.05,4,4,0.2741964161396026,371,10,0.0512129380053908,19.0,10,0,1.0,0.0,10,0,1.0,0.7424242424242424,0.07985549646889852,0.7424242424242424,0.6666666666666666,0.8181818181818182,10,0.7424242424242424,0.07985549646889852,0.7424242424242424,0,,-0.00507143735885614,0.0078614175319671,-0.00696954131126395,0,0
2678,0.1,4,4,0.2741964161396026,371,10,0.0997304582210242,37.0,9,1,0.9,0.09999999999999998,10,0,1.0,0.593031968031968,0.1736225510365994,0.6025641025641025,0.25,0.8181818181818182,9,0.5848503348503349,0.18209839068461625,0.5384615384615384,1,0.6666666666666666,-0.01858622580766673,0.01858622580766673,-0.019611030817031798,0,0
2678,0.2,4,4,0.2741964161396026,371,10,0.1994609164420485,74.0,3,7,0.3,0.7,10,0,1.0,0.3669413919413919,0.09882480400337382,0.38095238095238093,0.25,0.5384615384615384,3,0.33730158730158727,0.08935182737458489,0.3333333333333333,7,0.3796441653584511,-0.03917714506387707,0.03917714506387707,-0.03936917334794995,0,0
2685,0.01,2,2,0.8608684539794922,189,10,0.0105820105820105,2.0,10,0,1.0,0.0,10,0,1.0,0.8787878787878789,0.2099455524325912,1.0,0.3333333333333333,1.0,10,0.8787878787878789,0.2099455524325912,1.0,0,,-0.005901694297790531,0.007282936573028512,-0.00082638859748835,0,0
2685,0.05,2,2,0.8608684539794922,189,10,0.0476190476190476,9.0,10,0,1.0,0.0,10,0,1.0,0.7608391608391608,0.2052817818823137,0.8181818181818182,0.5384615384615384,1.0,10,0.7608391608391608,0.2052817818823137,0.8181818181818182,0,,-0.0173772037029266,0.02082546353340144,-0.0046371221542358,0,0
2685,0.1,2,2,0.8608684539794922,189,10,0.1005291005291005,19.0,10,0,1.0,0.0,10,0,1.0,0.53003663003663,0.15626955399060494,0.6025641025641025,0.3333333333333333,0.6666666666666666,10,0.53003663003663,0.15626955399060494,0.6025641025641025,0,,-0.03360273241996762,0.036753553152084305,-0.0251625776290893,0,0
2685,0.2,2,2,0.8608684539794922,189,10,0.201058201058201,38.0,10,0,1.0,0.0,10,0,1.0,0.2884112619406737,0.21686832299186556,0.21323529411764705,0.0,0.6666666666666666,10,0.2884112619406737,0.21686832299186556,0.21323529411764705,0,,-0.07733842730522152,0.07778975367546077,-0.06518754363059989,0,0
2687,0.01,3,3,0.7057761549949646,43,10,0.0232558139534883,1.0,10,0,1.0,0.0,10,0,1.0,1.0,0.0,1.0,1.0,1.0,10,1.0,0.0,1.0,0,,-0.003902471065521204,0.004333269596099804,-0.001340240240097,0,0
2687,0.05,3,3,0.7057761549949646,43,10,0.0465116279069767,2.0,10,0,1.0,0.0,10,0,1.0,0.8031968031968033,0.2460532227269464,0.9090909090909092,0.4285714285714285,1.0,10,0.8031968031968033,0.2460532227269464,0.9090909090909092,0,,-0.01951309442520139,0.02298634052276605,-0.00513011217117305,0,0
2687,0.1,3,3,0.7057761549949646,43,10,0.0930232558139534,4.0,10,0,1.0,0.0,10,0,1.0,0.7111555111555112,0.23450434188073735,0.8181818181818182,0.3333333333333333,1.0,10,0.7111555111555112,0.23450434188073735,0.8181818181818182,0,,-0.039629560708999596,0.039629560708999596,-0.02860808372497555,0,0
2687,0.2,3,3,0.7057761549949646,43,10,0.20930232558139533,9.0,10,0,1.0,0.0,10,0,1.0,0.4728937728937729,0.14861596315432243,0.4285714285714285,0.3333333333333333,0.6666666666666666,10,0.4728937728937729,0.14861596315432243,0.4285714285714285,0,,-0.14981621801853176,0.14981621801853176,-0.16697472333908076,0,0
2691,0.01,2,2,0.7187644243240356,73,10,0.0136986301369863,1.0,10,0,1.0,0.0,1,9,0.1,1.0,,1.0,1.0,1.0,1,1.0,,1.0,0,,-0.003690516948699947,0.010022318363189647,0.0015916526317596134,9,0
2691,0.05,2,2,0.7187644243240356,73,10,0.0547945205479452,4.0,10,0,1.0,0.0,0,10,0.0,,,,,,0,,,,0,,-0.030982506275176975,0.0346348166465759,-0.017255663871765102,10,0
2691,0.1,2,2,0.7187644243240356,73,10,0.09589041095890409,7.0,10,0,1.0,0.0,2,8,0.2,0.6025641025641025,0.09065471553673685,0.6025641025641025,0.5384615384615384,0.6666666666666666,2,0.6025641025641025,0.09065471553673685,0.6025641025641025,0,,-0.04583886265754697,0.05044003129005429,-0.0486991703510284,7,1
2691,0.2,2,2,0.7187644243240356,73,10,0.2054794520547945,15.0,10,0,1.0,0.0,2,8,0.2,0.42156862745098034,0.3466209711698762,0.42156862745098034,0.1764705882352941,0.6666666666666666,2,0.42156862745098034,0.3466209711698762,0.42156862745098034,0,,-0.08018234968185421,0.08018234968185421,-0.06939360499382015,7,1
2700,0.01,3,3,0.2408858239650726,54,10,0.018518518518518497,1.0,10,0,1.0,0.0,10,0,1.0,0.9636363636363636,0.0766612766101425,1.0,0.8181818181818182,1.0,10,0.9636363636363636,0.0766612766101425,1.0,0,,0.0004895135760307299,0.004621125757694191,0.0010970979928969999,0,0
2700,0.05,3,3,0.2408858239650726,54,10,0.05555555555555549,3.0,9,1,0.9,0.09999999999999998,10,0,1.0,0.9090909090909092,0.09582659576267813,0.9090909090909092,0.8181818181818182,1.0,9,0.8989898989898991,0.09582659576267813,0.8181818181818182,1,1.0,-0.00445761978626252,0.018293130397796578,0.005057178437709749,0,0
2700,0.1,3,3,0.2408858239650726,54,10,0.09259259259259252,5.0,8,2,0.8,0.19999999999999996,10,0,1.0,0.7424242424242424,0.07985549646889852,0.7424242424242424,0.6666666666666666,0.8181818181818182,8,0.7234848484848485,0.07841654083435848,0.6666666666666666,2,0.8181818181818182,-0.01330147981643676,0.02015861570835108,-0.01368708163499825,0,0
2700,0.2,3,3,0.2408858239650726,54,10,0.20370370370370366,11.0,7,3,0.7,0.30000000000000004,10,0,1.0,0.6706293706293707,0.17481671394531015,0.7424242424242424,0.3333333333333333,0.8181818181818182,7,0.7166167166167166,0.133688332774864,0.8181818181818182,3,0.5633255633255634,-0.027197815477848025,0.029953588545322363,-0.0273780152201652,0,0
